,Defensive passing,Dribbling,Defensive actions,Short passing,Playing time,Tackling,Attacking play,Passing volume,Progressive passing
Carles Gil,0.015992454616660122,0.2738519585678047,0.0,0.0,0.21106598530937998,0.0,0.10380415327888826,0.7092957947030174,0.6052476099977265
Julian Gressel,0.03306657460716858,0.04237022603648285,0.05404801904892148,0.0,0.1525367609513063,0.13284256074383344,0.14489470135259325,0.26817780124929175,0.9275568771114774
Emanuel Reynoso,0.0033436353264276702,0.39823421675860254,0.0,0.0,0.2815868123853836,0.3708662516711897,0.16357722729008214,0.7259262070001025,0.2661560667540755
Albert Rusnák,0.0244097369910912,0.13304074433800217,0.0,0.0,0.5490564449872231,0.0,0.3011562440622978,0.6088995223157813,0.4677474037233255
Maximiliano Moralez,0.012591501235768736,0.07617180334322174,0.0,0.0,0.2968919866424383,0.24499833019068734,0.31627901700746924,0.6935960786035066,0.5145506195603884
Luciano Acosta,0.0,0.30097266552788987,0.0,0.0,0.44088787088803394,0.3255496614666185,0.21199909426934685,0.6619074664860729,0.3549445698511086
Lucas Zelarayán,0.024392819986906338,0.42380506859140127,0.0,0.0,0.4109370135821569,0.17769621215132986,0.35661296648731544,0.5734572307162696,0.40413250042147747
Djordje Mihailovic,0.0153697836299299,0.2335482232488591,0.011150477478622939,0.0,0.48497287533881833,0.16192792038154163,0.26337407677909364,0.46353581034677266,0.6320157996552758
Brooks Lennon,0.014097499851758314,0.03958542525272028,0.10575686438942827,0.007237338017629539,0.4131365688778402,0.17949538125288958,0.048289738687431534,0.25117382705930014,0.8477480489396808
Álvaro Medrán,0.01644171231084981,0.17355502814589396,0.05103870388444205,0.03000124631723249,0.32072437180414004,0.37220612086401433,0.08346117509760355,0.8181443697746065,0.219944996775139
João Paulo Mior,0.02843992733834668,0.05308968031056171,0.06294939801990569,0.0,0.3343583535611378,0.49132666221857085,0.04057466485417048,0.7389266673616096,0.3025784342898939
Marcelino Moreno,0.0,0.3285842312642734,0.0008258532956678951,0.0,0.47282119647298904,0.14867914345885236,0.24423037969774958,0.7214025891878846,0.2574804368155041
Hany Mukhtar,0.010215130490307546,0.18475436594071068,0.0,0.0,0.4523802035281518,0.19055196238504357,0.6390639211271142,0.4702623791554903,0.30863275251762273
Jack Price,0.050607545829880626,0.0009223544107567919,0.07385705685191214,0.0,0.4024761035037198,0.19195739619937252,0.02340304225457214,0.8008370909742125,0.38892255810971227
Yimmi Chará,0.007170114059896858,0.13062349199830572,0.00880135490759098,0.06763274323834824,0.48712696692394236,0.17895476043462244,0.3194085155319913,0.5415311794266512,0.5600349406278861
Gustavo Bou,0.0072854592221788805,0.12532039111164614,0.0,0.0,0.3113126114747481,0.013350743141114285,0.6849440351886021,0.06330481777011365,0.6434221832953434
Lewis Morgan,0.02068304794071507,0.192207888073076,0.02480219265229987,0.0,0.41729789221909896,0.15278690660440192,0.1931550326759554,0.15512402490857355,0.8385460578274028
Mauricio Pereyra,0.0075785623520871785,0.07036905717184808,0.0,0.10925189970583622,0.397695705476677,0.2564630322048613,0.13860407926653462,0.7976832124221365,0.32188511053535873
Jesus Ferreira,0.020822859225725514,0.084995845285025,0.0,0.0,0.4122952158008599,0.5166451804069786,0.3502826691634305,0.5202002281151805,0.4026491050040588
Víctor Vázquez,0.022016560357094657,0.06860066045596676,0.0,0.16168077837984343,0.2526620023893122,0.06709437973482542,0.17724861976650894,0.7642576999745921,0.5336870786655525
Diego Fagúndez,0.00833924519193104,0.18603374771937933,0.03159491885518459,0.042741996813318014,0.5344246089563327,0.12408925211528819,0.3379037651796555,0.5285716840640329,0.5176118233237332
Kai Wagner,0.03815685087431876,0.026696518035998845,0.13460866164922167,0.0,0.2905068098057488,0.36250577987966814,0.03419919929450985,0.4497845427552937,0.7486197243871281
José Cifuentes,0.0,0.19159080913116333,0.03974368918147418,0.014687225745791439,0.4289432644321917,0.5147486126074281,0.28910186017588335,0.46925659143503884,0.45689998247012464
Ezequiel Barco,0.0,0.3506634670837659,0.0,0.11429225256745934,0.45728504524665176,0.06999972942562942,0.15571054105603674,0.7743666888759233,0.16147228150159457
Daniel Lovitz,0.0537807963409318,0.090564488418013,0.1645855312951001,0.0,0.39494845401001055,0.23861307590472397,0.0006232920912531553,0.5004481045450209,0.7060085885578746
Jamiro Monteiro,0.011370352639844802,0.14462996622763072,0.0,0.015545293916934877,0.40600424032995425,0.6371509931361232,0.1463582598063649,0.5507907773185937,0.28830397148471026
Cristian Espinoza,0.017372705917153817,0.2584289883283273,0.025571504571590475,0.005074016704934703,0.39602883852475734,0.31973804384740356,0.2863463778962803,0.2916602152286487,0.7114083304832486
Jesús Medina,0.004892404514832622,0.1566855215173424,0.0,0.023398175700293546,0.41995475741771626,0.32151885255063856,0.5023896010517186,0.4443171625970276,0.49530678781172494
Javier Eduardo López,0.016428360375768645,0.25499668616430987,0.0,0.1270993476466539,0.5782537522060655,0.14481018942707022,0.440041255358366,0.5448775517290818,0.2695872941190602
Damir Kreilach,0.0,0.0002535405788046498,0.10154654616998739,0.0,0.6469140482923353,0.08211491956372799,0.6491076245291603,0.3423751146715497,0.16089176926412277
Eduard Atuesta,0.008694559285474166,0.1392363307239975,0.049905321297403056,0.06641834601745095,0.30150990710264736,0.385207124164246,0.043765952604472684,0.806865767030187,0.2852983243261928
Žan Kolmanič,0.025066871141742386,0.09995636009942267,0.15372822751193527,0.08699050385885482,0.3572205605756675,0.16048692635727055,0.0,0.4174798283111804,0.7940583560891026
Johnny Russell,0.02154097339915777,0.2604830236100604,0.019859104112934314,0.0,0.34940529591801184,0.07873290802744218,0.5908216172713714,0.14926999114455625,0.6570049859372024
Sean Davis,0.015687998442588582,0.0,0.1367581292247922,0.0,0.5231919142945054,0.7196967468062242,0.0,0.2975417616078525,0.317532383149317
Aaron Herrera,0.03267140067384016,0.1460031713619557,0.21993100800996146,0.0,0.3499567552256854,0.3783660926173089,0.0,0.3886188887653069,0.7159544217128775
Ryan Gauld,0.024705932605285523,0.1471145626046908,0.0,0.15845838804250464,0.12727833514999096,0.3950752638814719,0.5175543056973597,0.3180555020539152,0.6413515893490033
Nani,0.0117201070006027,0.2204039363490222,0.053755728375820225,0.08953014315795937,0.3216532083173157,0.011383492549145858,0.41837526621098764,0.5460908069259947,0.6029394795143315
Michael Barrios,0.006869236993378233,0.29633068785230493,0.0,0.0321679554731637,0.4462545243186907,0.1041910351460664,0.5322283805247129,0.00879982397956283,0.6463457290359744
Alejandro Pozuelo,0.0,0.20925135306697856,0.0,0.2810511527202748,0.17286305291280626,0.0019868315286052673,0.14823173513889423,0.7813120723961532,0.46359177781548905
Darwin Quintero,0.022672455589913366,0.3441696899514496,0.0,0.21664089032728825,0.031703120201424365,0.19791315618973532,0.4338890091458844,0.6650899710973128,0.40412975859139116
Alejandro Bedoya,0.0,0.04320366169873573,0.11464260926938585,0.0,0.5197694686847467,0.3591998044901084,0.29359591860629497,0.27680367082506213,0.650374415262984
Franco Fragapane,0.0,0.15792854975890697,0.0,0.22777946947932382,0.270586984423302,0.2696914529427679,0.41119969656712557,0.5248393775183828,0.5767865531323604
Diego Valeri,0.019394325710332606,0.14428712936724458,0.0,0.1818587641748972,0.1352568293243376,0.1291204751726223,0.39615154115547907,0.5913856982937618,0.6356830024690313
Romain Métanire,0.026620809273068577,0.10441852605365347,0.17528161517567603,0.0,0.39092441245062776,0.27654534623065796,0.0,0.44469219759896544,0.7284326214103369
Dániel Sallói,0.0019384375446213171,0.1596879238241947,0.0,0.0,0.46965525381394246,0.0,0.6680308703819695,0.18861855879751874,0.5216107241069918
Valentín Castellanos,0.0,0.09136393273630931,0.003281640499589723,0.0,0.39986744154574694,0.1271501317858435,0.8870101517723086,0.11160176915467583,0.12782320440162911
Sacha Kljestan,0.0018099478933338066,0.03444647135466434,0.090743027815753,0.1930626016881713,0.28438138402799756,0.35328108548249887,0.18660915341863976,0.7033721864476605,0.4669764380382627
Carlos Vela,0.011528812445093009,0.37137645613749454,0.0,0.22345630270114725,0.15412320701707152,0.011052405955882815,0.6412059286166737,0.44502600621421196,0.42301842439155213
Randall Leal,0.013812014417884017,0.19868068693139349,0.008597665546840983,0.03198177077889747,0.4229819744114199,0.360560350843996,0.41802822605836726,0.418886425305178,0.5478206887467797
Guðmundur Þórarinsson,0.0262144432515592,0.05110928785860266,0.10376569613404624,0.17334327143380984,0.22953347678595654,0.2280811304235268,0.06552237047772229,0.3636279554821176,0.8453758596933028
DeJuan Jones,0.0039654057962526645,0.11214237109532697,0.2308184086516782,0.011828257949241442,0.4168510912046061,0.33518745038054815,0.035566958481204544,0.40242221489181335,0.6961804449984662
Yeferson Soteldo,0.00233990519137662,0.6124556015448172,0.0,0.1732532923734305,0.29320799536546943,0.0,0.22000971550261292,0.44981284260298415,0.5081034942110548
C.J. Sapong,0.0,0.11202121444521443,0.05615865477379691,0.039758423179535304,0.5695238600444658,0.01591949765231559,0.7863961960823106,0.11433180761757805,0.16314142264677214
Gonzalo Higuaín,0.022256902800860484,0.1485054393450028,0.0,0.0,0.5568954087529412,0.11566300317327739,0.7449440787414908,0.30782246985352646,0.06514587301403026
Deiber Caicedo,0.011603324462129755,0.40594342052950977,0.033702186753349926,0.10092825598529334,0.6225374702719491,0.20208512165197576,0.3509688051078338,0.2921390249613191,0.4322468526110688
Sebastian Lletget,0.0,0.10701765684064009,0.05319549462977447,0.24526474483206812,0.40907024101867634,0.15155518388071765,0.1921962544630567,0.6467086734715011,0.5292293652064295
Cristián Dajome,0.008810147988922079,0.22715304666515534,0.02466603462758396,0.0,0.541757952967911,0.4206306995618072,0.41327588738154697,0.2281357177344796,0.5044211847294225
Cristian Roldan,0.014223221920060087,0.1737729152320919,0.09776074949623949,0.014012866370564793,0.5380190416154925,0.2170314288021068,0.4024369332345351,0.3497009886876335,0.5822660494781609
Marky Delgado,0.0,0.0,0.07895562746883977,0.07672619359864524,0.41554027633084106,0.46670255319879683,0.11648435495733808,0.6369798885285146,0.42199777529253807
Graham Zusi,0.031190778723904876,0.04202051243486232,0.202220696043741,0.03262048292534746,0.31148504685260775,0.23579701585437324,0.0,0.6816345752228579,0.5814251841851756
Julian Araujo,0.0031794951105018694,0.06748801570627923,0.22189682434268324,0.0,0.3935986948512278,0.4564445139631923,0.0,0.2146160790532476,0.7327178649314
Jáder Obrian,0.0008162231090535949,0.16652939834751843,0.011436412441062842,0.016373464920892877,0.4840134381843002,0.3900712862418712,0.6616117025581235,0.0,0.38433546509212185
John Tolkin,0.032874597772727464,0.07640791508971878,0.15990212029455964,0.07036283083575444,0.32363555683077677,0.5141123265279698,0.009645185028267927,0.38071956753108915,0.6696787279483717
Boris Sekulić,0.010106709079756328,0.029003239721916697,0.1378025404324198,0.0508551835187462,0.4378319500187494,0.3830745023668854,0.10672772535850707,0.17436797481162586,0.7728149764697174
Cole Bassett,0.008557714618444876,0.1493921986051936,0.0,0.0620677766715746,0.54593921386927,0.31195119418078265,0.4445806806586146,0.5149532250646263,0.339947568317694
Keaton Parks,0.004594389315322547,0.03504456599857314,0.10920892526442764,0.021027826180171606,0.49841494875872183,0.5196401405756451,0.1357772429471569,0.6054560607018773,0.28796904896692244
Ignacio Aliseda,0.0,0.4043484828487936,0.052782884900574985,0.4445240554113173,0.5239573535206434,0.09535956860236847,0.3729277473770454,0.3852545041322798,0.2549387030048894
Chris Mueller,0.00018813386927422855,0.21779850031645717,0.0,0.2431655868565114,0.3617544824943518,0.2896100659389806,0.34849500337663386,0.462699626733272,0.5857937071860295
Kelyn Rowe,0.028790272957494176,0.07730209315250534,0.059150603035741364,0.011149435478863871,0.4179679687076957,0.6632003828925813,0.11139432507222236,0.4683119879774787,0.37857049323747827
Tom Edwards,0.11465298022730287,0.021605421606108073,0.3648537610461728,0.01965211423734468,0.25470482650771326,0.4664296881531786,0.08154513018710478,0.23748702382238063,0.7123219285972073
Ryan Hollingshead,0.010793669564100125,0.11613276534490952,0.24995748370206217,0.0,0.5967699398922375,0.4056818497934431,0.09266981840965882,0.3805356587848662,0.4998106907523014
Robin Lod,0.0,0.2298386106641793,0.0,0.16176579112155134,0.4344985016672934,0.335268997282388,0.7119356679643319,0.22852996196632677,0.24644158444704015
Cecilio Domínguez,0.016748584928861276,0.23041794740680444,0.0011964670936935452,0.003988423915052842,0.5851223286078536,0.41386038501677247,0.6160829886534199,0.14260044131051008,0.18184615163674234
Fábio,0.0,0.1997272038940178,0.05457373228156174,0.03917273605427474,0.567712986209718,0.07571655112676913,0.7790337206335459,0.026063207554290868,0.1413944448049778
Derrick Etienne,0.010439341584375122,0.17970826090743391,0.06883502371012781,0.09826445626253602,0.36486719028207026,0.19032949689023268,0.3451577464565076,0.0,0.8153002780481609
Sebastián Driussi,0.009188683498579093,0.14388092256614238,0.0,0.24562512612441267,0.2825722747062772,0.3530988149325953,0.424146930167699,0.5900402067011865,0.43163435706544506
Gadi Kinda,0.0,0.19321242092325006,0.0,0.08210493089462903,0.38438922674958775,0.5220513599052526,0.34707580517580777,0.5815274680164297,0.27748735125706275
Ruan,0.0150652140686161,0.08496270291344696,0.11652722318592276,0.1737577145094527,0.32747665054709285,0.0,0.1516898123448691,0.21937811771326465,0.8777280484236323
Anton Tinnerholm,0.016782809807203654,0.045783396875486555,0.08668642051621935,0.0681490206873522,0.37666542028202465,0.3134556189956835,0.0744292365201492,0.46457644862817693,0.7238516018893748
Kyle Duncan,0.012822826549526887,0.12765689900699936,0.21528067271551854,0.0,0.3759427396922853,0.6526955201968215,0.014874309873178235,0.14234169681283196,0.5910725284195258
Pedro Santos,0.017292586913500482,0.1139987124668422,0.08821906026669364,0.0,0.3459238161130343,0.6463493745107074,0.19441783810876948,0.3064593492455787,0.5565754471766649
Diego Rubio,0.005704715831479948,0.1088688108636061,0.042001468168050525,0.15180859901481808,0.45081537359238383,0.27522790032863004,0.6753299266749037,0.3453710038756114,0.3301038106535391
Latif Blessing,0.0,0.1673477953824045,0.0985969497689707,0.11715646963689168,0.4794306930822009,0.75911257901548,0.09087709236788466,0.32565638456891227,0.16772386438004153
Zachary Brault-Guillard,0.011960545650827695,0.14967958650115887,0.162540053514379,0.14736643391697762,0.4171995107505172,0.21774942311259263,0.11257463371086295,0.28551390931971377,0.7833615693179072
Olivier Mbaizo,0.017033117319781237,0.1006959404276825,0.14072229819675316,0.0047954937351901185,0.4088625318991953,0.1947181446977471,0.0,0.3863063901305829,0.7844922470009118
Brandon Bye,0.018248844543131422,0.031591052402024485,0.23275278989672493,0.0,0.3806071358847062,0.23208727198647516,0.11012888471407298,0.19858306374202772,0.8331897897347548
Luís Martins,0.007662222711201417,0.03380570814882046,0.13585394302877127,0.0,0.46830532357577104,0.19164629794574484,0.003724657521163723,0.560573961314892,0.6403490859051639
Kacper Przybyłko,0.0,0.09103797322396662,0.06114278036318096,0.008744810357400086,0.6870821196217175,0.0,0.6922429013096764,0.055141495324245504,0.1832335070570917
Russell Teibert,0.012510693335663235,0.01278102705462071,0.08427370103816216,0.13406244987920415,0.5951903251476728,0.46937569458803624,0.0019461967122481915,0.49057487218378865,0.3992151951344405
Diego Palacios,0.0018597871977240588,0.07676474592389139,0.13089056900157406,0.1364541677977901,0.31090042630849596,0.6241143802362469,0.03963384622680102,0.375552147952992,0.5740762507860447
Michael Bradley,0.017287688827502798,0.01456814805784978,0.08301486790276892,0.042282092229783845,0.43864226085331043,0.18228895101980477,0.0,0.8541255790768352,0.18879317190296527
Fabian Herbers,0.0,0.0999978160515459,0.036853843634142625,0.1481561547117884,0.4588117332385352,0.6508128631039567,0.2027596225210316,0.3934900267615729,0.36970329967517895
Hassani Dotson,0.002284408041110383,0.1564624813412502,0.12456768085760009,0.04636608685247367,0.5659985062274021,0.595164638837825,0.21840380199858248,0.42946372432414137,0.22612559491526205
Felipe Mora,0.0,0.06923332303193866,0.00719295570502018,0.13098247143351344,0.5398335721528205,0.0,0.8012456830873961,0.14927653045557712,0.149332473739079
Ricardo Pepi,0.0,0.08738291170870269,0.01782222401830477,0.10386155712697057,0.5642282710529095,0.13950166603436323,0.7885225522000746,0.10864922550756818,0.09936118865170146
Andrés Ricaurte,0.018576961200192487,0.07512238396789941,0.031938296571032775,0.22321252101712674,0.10525780086109564,0.48286738494833603,0.11721165505513048,0.8019796013630258,0.2049821222466638
Luka Stojanović,0.02634588261059992,0.056849490450123066,0.04968238133499994,0.20138957169138877,0.2363669505777218,0.5342727928201296,0.5784509153519611,0.4896992954642633,0.1931846717028111
Darlington Nagbe,0.004958664160201939,0.11483274430108775,0.1779612383353767,0.041128001302942134,0.6802748740081919,0.22884278930830376,0.0,0.6620303703152339,0.0
Matías Vera,0.02552817475927958,0.05292889010828214,0.10106389763155503,0.08643725179945706,0.6283297005705205,0.5847286385607187,0.19010260744072688,0.4484506797573916,0.0700623156875345
Pablo Ruíz,0.02569248313528805,0.03943927946160769,0.055705467530854945,0.031267554965581396,0.317201092660653,0.653081687649336,0.024501237789264503,0.682473219970967,0.014193304082295242
Alexander Ring,0.03322955694868197,0.029475914879503125,0.15002144743663803,0.0,0.3635401306952381,0.42908991769536137,0.10645887654025885,0.8049269878741113,0.0
Diego Chará,0.023423581941509685,0.00944230061545158,0.179712811675581,0.07535568400503963,0.4920387473647274,0.5257201923843974,0.028149799823830406,0.6501633044512061,0.13927821689673997
Carlos Fierro,0.028529345675199397,0.26650199064044333,0.02059783632790165,0.2843203302268717,0.07281933362178244,0.08108367774616543,0.35609785887022294,0.19749355010608383,0.8180549118530441
Dairon Asprilla,0.004000610280527389,0.28452744605358765,0.09527038534443963,0.07569635119294289,0.48905724166745557,0.17756248414128706,0.6064930130429569,0.2054174652845396,0.47274328375593944
Memo Rodriguez,0.024334376267669492,0.16090442236769772,0.016160178055081093,0.1630949612601815,0.2748428265103479,0.38782290655414253,0.5339793985559248,0.39440111050987786,0.5291739478329188
Tomas Pochettino,0.018280178707119767,0.2761513140083329,0.0924360392839172,0.008219872219228172,0.46216825228244274,0.6020563730690325,0.17132241054379405,0.40421570269802054,0.382074896776891
Ola Kamara,0.0,0.01204550808787711,0.004321897468695115,0.02815920712066992,0.3792030103538942,0.0,0.8908926760625626,0.10395132926529363,0.22528365189715627
Alan Pulido,0.00020955591213045992,0.3737739744136767,0.0,0.2997551715110704,0.38521706299096736,0.1614924375361918,0.6700453926324401,0.3834149033370558,0.0
Haris Medunjanin,0.0429378006123989,0.0,0.09411939774884602,0.19822003904535987,0.20044167226332332,0.011108298332486749,0.06807460004302966,0.9170991047425288,0.2529852228978862
Joe Corona,0.01080001576809346,0.13833432437055426,0.1064163658132178,0.20753478062439268,0.44862719280383734,0.5317068868024952,0.023400545060675498,0.6612241284582938,0.06788476351747905
Shea Salinas,0.01011358006582172,0.32072657581752534,0.1636573279320755,0.2331231914104777,0.25843311278606246,0.363007096162995,0.14594462045326873,0.3545126526100886,0.6858288102394583
Joaquín Torres,0.0,0.39756194379197257,0.0,0.2383930364278505,0.4939126304920747,0.1455159713293759,0.3265615250130237,0.5109473884583168,0.39022943657330583
Przemysław Frankowski,0.0,0.1705952166447145,0.0,0.3131940832979216,0.17667248551345582,0.4369173351047636,0.3729658204456751,0.390682864068601,0.5991328816673362
Cristián Gutiérrez,0.030037438536916008,0.0,0.1941628456126894,0.1563873542218314,0.24738877453232305,0.44602494933063036,0.0,0.49384856221291423,0.6579632767255791
Maikel Chang,0.007979073771306298,0.11123624036893032,0.06982952688565917,0.20495412331504048,0.041596142939842005,0.40159594880993676,0.14203701374296576,0.12610706636842653,0.8611581893312811
Samuel Grandsir,0.0,0.3629463461527886,0.016592054027307748,0.08930600396924665,0.444459499204839,0.40489769865687164,0.2746135013248953,0.3449724555161642,0.5514654370191505
Sebastián Blanco,0.018020685752840132,0.21319006903694523,0.014181254635688194,0.14932026742128696,0.06367232011001532,0.0,0.4449737277328947,0.5495123449088253,0.6539938831329516
Jonathan Osorio,0.0,0.1283256291307289,0.088453713568225,0.3599702211487236,0.36897595534252864,0.23621325921702943,0.2564348076600431,0.6226816289063376,0.4479941208792538
Robert Berić,0.0,0.06427768102083342,0.0,0.03337566675747286,0.4745367615884622,0.03527488042442893,0.8475201224954364,0.09805640165513119,0.2010461970866978
Maximiliano Urruti,0.011553248363835896,0.18746245938324477,0.0,0.02936820248259327,0.6188490590116106,0.268086300753566,0.7046890774920781,0.09451447606766315,0.05914180283777498
Jackson Yueill,0.02612015050405796,0.057459599094969,0.11919413046589704,0.04582838007052342,0.5534052189943042,0.44146861915157937,0.1127422372091469,0.6799243266059353,0.059572401201287116
Rodolfo Pizarro,0.002121686111444981,0.39280550631130023,0.02273033013870863,0.38975261833738606,0.4723953236841468,0.35346803359139917,0.19721546983283175,0.5534298755032112,0.0
Luiz Araújo,0.009274038679739678,0.3742733845310347,0.0,0.2727355277908145,0.1861121314718739,0.516002480781128,0.4028976520578425,0.5597844777201252,0.09416630254777264
Federico Higuaín,0.00010402253586423742,0.055731371124828614,0.0,0.4075958016120709,0.036974791037684696,0.1896474266421976,0.26464764930321033,0.688842543544452,0.4988827079357217
Cristian Cásseres Jr.,0.002050086540898053,0.14915367086043824,0.021031726680947806,0.03477308658669802,0.37558564011209133,0.7092524921966027,0.26025360571778916,0.3270418875147355,0.3966175390880614
Kim Moonhwan,0.00241619612447047,0.1741401884547033,0.18651136532604742,0.2460561231035026,0.42212400457140675,0.35969766843927037,0.007130930255988647,0.2980446084398792,0.6912935157704658
Hector Jiménez,0.00777421086908278,0.003299435965298473,0.10261846874725038,0.15579582546940862,0.2540118017765195,0.29607214369754725,0.03984795545351532,0.6191507906173935,0.6542243615263539
Andrew Gutman,0.04247973159611838,0.07653632548624266,0.3104110607694591,0.06520119759868967,0.2757901280915549,0.5173459208394111,0.056726408537793406,0.1998883413510416,0.7105288238155154
Alex Roldan,0.013564894357863677,0.06550866418114581,0.13947970026492362,0.09035706978886195,0.4250267626951905,0.315342603928059,0.024277944100128682,0.37947292889320344,0.7370398852976968
Rónald Matarrita,0.033564993831977245,0.13039517209323526,0.2692928354212941,0.11302164903318143,0.3664558611821689,0.4971731876242622,0.0,0.4323624964867782,0.5728608564642036
Patryk Klimala,0.005442664888404423,0.11707337310009057,0.0,0.0,0.3743603573529047,0.007728517719115202,0.903410430815683,0.009238744637343834,0.17269347022194662
Brenner,0.001537884425433659,0.1479931050375823,0.0,0.0,0.7525887717745945,0.2316471350632759,0.5603890510324697,0.2064356854909938,0.03733417238140608
Jonathan dos Santos,0.004007836694671391,0.016184158271266184,0.062264927200010256,0.19002175291127607,0.3524239742830314,0.36241577593633173,0.0,0.8246453232580736,0.15539968165665588
Dax McCarty,0.017309730464342008,0.01711573210795968,0.22107929187869269,0.13448681123133177,0.5790972905652773,0.44763901905175796,0.024258819881026548,0.609446267238982,0.15715299214997586
Wil Trapp,0.01852339121903818,0.007995181058017218,0.09179500703285298,0.02411781868845471,0.5535886065027724,0.4606812438104692,0.0063729980656316776,0.6678441437857213,0.16075135900350948
Roger Espinoza,0.022626928130711217,0.05297025819511914,0.040815649009283785,0.024683137549742835,0.4198784544835086,0.7282926541141829,0.13304172885321144,0.4929217670463898,0.16439867020822985
Brian Rodríguez,0.011492554622573769,0.6310737409665521,0.0,0.45256842520260093,0.062426596543466065,0.0977385837769867,0.5072265548615589,0.08517602976138604,0.344691210278121
Paul Arriola,0.007220076686929709,0.17284161556128286,0.0,0.25982805454700125,0.2361584127721598,0.0,0.6221667227495356,0.2517098490943325,0.6295577444063938
Cade Cowell,0.008692454764569401,0.39993965989421065,0.0,0.2028507355473614,0.4000842859618574,0.37955189650490506,0.6327745470406478,0.0,0.30707260275900033
Fafà Picault,0.001974150834389911,0.28428961024805505,0.1490367221189601,0.0,0.5141901989346956,0.07154588700532666,0.6190974177630868,0.0,0.4941372161502563
Wikelman Carmona,0.009504810746757618,0.3650669988755976,0.0,0.2849503744704966,0.22866993694084436,0.7362858644609348,0.27347154070925156,0.250512748958642,0.23127666064593147
George Bello,0.0,0.14302926518896777,0.21562801636968923,0.16526467299241646,0.6758099074810691,0.25518982303467697,0.18145562676041,0.23729709125507598,0.542823953861206
Miguel Navarro,0.025517366600766787,0.0,0.17713773899617752,0.056824755576281985,0.43726068477320024,0.37557460569036355,0.07636699190926338,0.2301240562318122,0.7574297610875401
Tyler Pasher,0.01910155749035151,0.26494568693925974,0.0,0.4197968197394109,0.0,0.0,0.40435455940756726,0.150340916516466,0.7530634387073272
Bryan Acosta,0.04255632004138447,0.04522741647013095,0.17254837686642072,0.1255201389778585,0.2687613952308658,0.4148449567816888,0.08865490337098855,0.8356995876167082,0.005716153218456687
Braian Galván,0.0294932993141812,0.26321680498915784,0.15017423593273532,0.3043314791941307,0.1539759265657203,0.06089609702862341,0.07827062016591302,0.26749014752549455,0.8423674488612058
Justin Meram,0.00647782021992427,0.39532725505317456,0.11500101208492515,0.29021501240029446,0.26826717781519616,0.49940800672896807,0.21274267028356375,0.08739829011183782,0.6098777519326927
Cristian Arango,0.002838328886576184,0.18851288601406288,0.003998782539149956,0.11717974897058418,0.26445400592197316,0.1272480998438864,0.9187526135716702,0.005475100832530393,0.14298045331169032
Khiry Shelton,0.0,0.3121597766092802,0.05339828898520721,0.23683784715134917,0.7348394084710428,0.3192160526739581,0.44421744397529284,0.016117877370434217,0.06431145098444488
Gastón Giménez,0.01775595017548853,0.0914524946352727,0.15584469148458183,0.12425735008122116,0.4250291121004328,0.6354571511318178,0.06854054241202444,0.5956858764939571,0.08717054593876772
Caden Clark,0.010627051558208964,0.091116941033426,0.0,0.16522454662020236,0.26106836882895984,0.807254263994294,0.3116416126447783,0.1438133188205636,0.355902673049856
Marco Farfan,0.005781905120549842,0.03362735233577312,0.26021224893723965,0.11995237816494478,0.36951418180233386,0.668308582496351,0.0,0.1650700837363592,0.5534542064955349
Josef Martínez,0.007843909962215585,0.02886268905084624,0.0,0.21137771414563358,0.473370211912028,0.0,0.8413492940540406,0.1499229405026293,0.0
Romell Quioto,0.0024721826211332922,0.161256351046373,0.0,0.2689952665070172,0.22603035399593813,0.0,0.9026976292101411,0.10216263100641848,0.15887696583779307
Rubio Rubin,0.003765934308625392,0.15206447280937907,0.0,0.09239587183500156,0.6230225809220327,0.0,0.7549382792739868,0.08115525105279689,0.06041605821697913
Franco Jara,0.004954990564245114,0.16027603703853566,0.007345477497518469,0.22597335731377827,0.2587066670026657,0.1515810792668292,0.8919910353265454,0.19394626966805997,0.0
Júnior Urso,0.005375313350955245,0.08383231259241333,0.1298625318726475,0.08143119037666052,0.6040390448152587,0.4644119144173178,0.17559267980336749,0.5983924717997684,0.0
Marvin Loría,0.018434793395254327,0.3225379346863942,0.14394072478658143,0.5459990296574289,0.24353257903014536,0.2598898349003484,0.2121996895810907,0.30951325707376093,0.5559834157107979
Kevin Cabral,0.0,0.2023516035107404,0.014751656276468118,0.12807676823279765,0.5313218858400945,0.2265082188762069,0.6832499291754933,0.2328845531390581,0.2962396972597254
Silvester van der Water,0.032424521062910085,0.21428381055737952,0.0,0.3898594802723972,0.06571798054972833,0.515752575455464,0.4935068709556586,0.3564234765805679,0.4001679475093977
Santiago Rodríguez,0.0,0.15327143313653252,0.0,0.31674076389015104,0.10067156164724417,0.5959101977006677,0.4742278821390657,0.43544949113191006,0.31053355004132827
Álvaro Barreal,0.021199247511087326,0.30387725900808676,0.03387352118914868,0.07997724608124407,0.5269618546694183,0.48237132280499545,0.26811251128650404,0.3956851067056973,0.4010530093589564
Chase Gasper,0.014703461742410858,0.03774199426355713,0.21338035147149673,0.019183577708518997,0.5457582003183703,0.370051665806685,0.02701966216636911,0.350181914075712,0.6279430566250717
Will Bruin,0.004225299474162841,0.18633583436400786,0.06616649827205232,0.4231938244741918,0.40477643399514224,0.11436766217764965,0.7389640873045088,0.03170744626469425,0.24040149118781481
Javier Hernández,0.008912210347372357,0.08357509888038077,0.0,0.08070557769303043,0.38723815339754525,0.14173242047160173,0.8938197497184205,0.12873635978458192,0.02990189469461883
Leon Flach,0.006919384562861785,0.04579776430369847,0.08889022682296881,0.0,0.5327573955832915,0.7046452684486925,0.11313744240783531,0.0,0.4436189093208354
Griffin Dorsey,0.011817160300775353,0.17159658176192505,0.11174131192151636,0.1910547498457448,0.2814470646725642,0.09898990673896517,0.23100456393167687,0.1316511215515923,0.8727659201695718
Efrain Alvarez,0.0048271190360067865,0.3067924139138411,0.0,0.3526235468195168,0.2850788788745815,0.16624035940718201,0.26219334118719345,0.6754605601805143,0.38420516279282224
Sergio Santos Gomes,0.004619315940370282,0.14596462669530766,0.004227129598187449,0.11583489697514446,0.20749383221383289,0.15840618361623338,0.8720957390995339,0.0329983505757907,0.3680371163091208
Jony,0.0,0.330611434631224,0.0,0.4006265594292667,0.05920082961465304,0.49717058922079527,0.13502182219118475,0.2736600827187805,0.6216030669295789
Tajon Buchanan,0.0,0.40266842801976116,0.11178189947599872,0.12071993201979403,0.38217384567475543,0.27129106674669673,0.5399978879884619,0.08361361114891855,0.5408742883730137
Gianluca Busio,0.027160731317159632,0.07706375950381356,0.050313977821412934,0.1792155161979911,0.13237672664103803,0.5675746333903446,0.16221829933704582,0.7506826396892368,0.1707922997097504
Malte Amundsen,0.01721003462563677,0.015471328726005477,0.18688966966750692,0.1790673154438513,0.16366700155220226,0.44802291343153444,0.0841098367197324,0.23415828941150618,0.8019074841383058
Nick Lima,0.03809638830510549,0.10823545246765266,0.3413590241149429,0.1334013988529134,0.4653641206775672,0.36466678498095556,0.014170596194299955,0.15058884813478376,0.6928841170103369
Andy Najar,0.04556427333544501,0.2959903464799777,0.4214535533697827,0.03346648879828185,0.42888023952192145,0.5223443716979417,0.0,0.513022377484638,0.1076877243175149
Zarek Valentin,0.054071873327136664,0.0,0.26550920283409163,0.0,0.5806935886735085,0.4666836511981034,0.0,0.4126422110234356,0.44867452254934054
Ethan Finlay,0.0004572924247973901,0.17575796535204793,0.03162677470927141,0.1800505445725207,0.43842281103209185,0.42476335509772406,0.49712722149469274,0.0,0.5620645279693287
Mark-Anthony Kaye,0.020606878045406386,0.17974938820208625,0.10222992188883477,0.38596231343272025,0.3581253350618928,0.5894552849394595,0.06010071907407321,0.4599427328138722,0.3420189281906728
Thomas McNamara,0.020513066049674202,0.04318529197247266,0.0808816675724813,0.15457325571612282,0.5029118458025534,0.47538107738877133,0.18041445605194215,0.634250213553766,0.2314072306846755
Raheem Edwards,0.008223783915791557,0.2482988827184408,0.05342580032937897,0.17868625745071276,0.22377837683103702,0.7995075234437862,0.26140098759864266,0.2406833200777201,0.29656190014021233
Jake Mulraney,0.020685089700332327,0.22678714646959577,0.0945445799060661,0.4149057823618777,0.21812952711043784,0.24800508198734988,0.3866331704283055,0.36425230813564785,0.6130271345436232
Chris Wondolowski,0.018971008891931547,0.03791513766231417,0.0388761845525893,0.32246395682309026,0.357726450023182,0.10090025209659222,0.8592645699332555,0.10502477649007191,0.07206457689866097
Andre Shinyashiki,0.006071111484764019,0.26513055922370077,0.06722622985751824,0.2510688346217211,0.337364069359797,0.46958975167150085,0.5986538554239969,0.32883284582032796,0.24752267208820933
Brad Smith,0.0058680971733484424,0.07196448184932605,0.11172604592412123,0.2444342104354014,0.3094990646688856,0.10858499045408783,0.2094598787519136,0.223776197196157,0.8491326679603939
Paul Marie,0.01586510503805849,0.20001895100159003,0.22175199308992488,0.3730577628965445,0.16015281306497656,0.5821861256468724,0.0670443174812809,0.3831717638044646,0.505459718744956
João Moutinho,0.029525267333941806,0.0,0.23916745420877383,0.16546062184894372,0.1314348003224869,0.22599534381692502,0.0030226990022040323,0.6521500983954331,0.6487619596927219
Mathieu Choiniere,0.0,0.0721538477677522,0.0651458918394238,0.20648287536027146,0.3947838241819953,0.3007843361994238,0.07963090180002709,0.48392068686694334,0.6790205157237594
Alistair Johnston,0.043496641412284674,0.007313837150662234,0.14253982732644488,0.09380460207366481,0.4241103651582578,0.34461771769773164,0.05828736125601661,0.4262469910970511,0.6965793258058915
Claudio Bravo,0.022091220817373053,0.06921319667700784,0.20745409197235112,0.0,0.28829756285237956,0.7757626091329924,0.0,0.32448647076924364,0.4018329639349491
Raúl Ruidíaz,0.000917783467888159,0.09447499769875375,0.0,0.06870355179841971,0.5288277050281346,0.0,0.8349237645005869,0.09796438291773767,0.0
Tesho Akindele,0.0,0.0785617479316227,0.08456479845391174,0.37804199627400215,0.3880327587128229,0.13025841394959922,0.7980790225668245,0.0,0.19822788193737462
Adrien Hunou,0.0,0.05049164855025704,0.0,0.1650206341702951,0.4390260894838135,0.043202967004574204,0.851837596183404,0.15489659848762538,0.16120835469883868
Adam Buksa,0.0031986409963995375,0.0725052854963515,0.05198595100327495,0.0,0.39120756702461673,0.053080046365527885,0.9120176348248032,0.06628118223326318,0.0
Jimmy Medranda,0.016206009757281696,0.05723588775007492,0.1250567286520333,0.19912938788250367,0.15518367679406195,0.5121458260554157,0.13884030159703425,0.15710851809104398,0.7815591362193723
Jonathan Lewis,0.00598098647385633,0.2258730286774361,0.024420382810036154,0.23255141260840204,0.27039960901313104,0.07655964489585526,0.880335936053153,0.0,0.20074959533337855
Diego Rossi,0.0,0.23653811436781616,0.0007667585455935788,0.2591833322677453,0.4558631202444857,0.0,0.7691935696737506,0.2520792345555431,0.11772535957322144
Victor Wanyama,0.016353074475075044,0.11242819760056233,0.15411186097284144,0.07855469082559245,0.5379420905717043,0.36115775536777334,0.06728207585542784,0.7299504622876304,0.0
Omir Fernandez,0.0025096381771466574,0.33804145152730547,0.05721388956654168,0.5093889068023855,0.01167917870275413,0.30676679681866464,0.6410216195263659,0.0,0.3432494773296978
Jacob Shaffelburg,0.0017432583817821084,0.22747852275688038,0.02464657448030454,0.26745028327601966,0.025828110175180132,0.07723630077820913,0.5246046058677103,0.0,0.7708896452448862
Fredy Montero,0.008215702554119535,0.1421536102189659,0.040113447623667954,0.1920320552381544,0.34244894516375923,0.38546165470705884,0.674546340902206,0.464731586240575,0.06632702199329409
Paxton Pomykal,0.012851007425100298,0.1596898817329257,0.11468328365834508,0.1980258931479354,0.35721646495374043,0.6094264817828521,0.2328709047159587,0.1982121090011989,0.5739741679051263
Santiago Sosa,0.018100024915888982,0.0,0.20740942017386413,0.04535665996263402,0.384720703152988,0.5593779908423984,0.018856320749224068,0.7012313191254671,0.04002268219611791
Steven Moreira,0.02352673242742677,0.08585246037578799,0.14522589660205418,0.17773132893978713,0.12832025100667452,0.3745705847701641,0.0,0.28679741502570383,0.8368840388723126
Harrison Afful,0.03840293619253123,0.00022993725620353882,0.19415423909885574,0.1421222948992073,0.32668882402201377,0.26321818154906446,0.0,0.6986635416320903,0.5258235475027717
Daniel Pereira,0.017593685437834086,0.12215360708976829,0.13730474872444598,0.2524160895103107,0.40529165067804507,0.53976398559384,0.0,0.6662254058673698,0.05234222545029254
Junior Moreno,0.032952218867545825,0.0,0.11314497936361288,0.09853497840724311,0.5141332308481125,0.7176666990465583,0.024571447505802587,0.44092339514818624,0.04480576461306154
Kevin Paredes,0.00736624358947795,0.1809211681158435,0.1153717664570209,0.18332138678907378,0.3142210468081674,0.6926290432413744,0.19202811809205708,0.3064873133885472,0.45936561128202413
Auro,0.010238146950421318,0.12688166965207134,0.19886259451100957,0.19939297846632337,0.4907013311637531,0.44154152000738167,0.0,0.5091912870205083,0.4576787670649495
Nicolas Benezet,0.011430007330561593,0.23513485456659153,0.0,0.8246576834090739,0.1358676823830214,0.0998515800588672,0.0,0.3766282393175069,0.306987726932136
Ismael Tajouri-Shradi,0.0018380638197029674,0.373137179063341,0.0,0.37339085356680196,0.3157650226692537,0.18398804119954862,0.5991601238511532,0.45925491134341395,0.13370662340574097
Adrien Perez,0.0,0.40285829262058087,0.0731295757355666,0.47666616003572226,0.10288134082806294,0.4515553031729951,0.43620776817644424,0.29424502404679315,0.3373462906100461
Arnór Ingvi Traustason,0.006161575329759378,0.2122878945428289,0.1167689252046822,0.3491631347640708,0.4511573077090998,0.4520330959534341,0.3923075595229167,0.38120461699419306,0.33503282053436634
Yamil Asad,0.001625527023190765,0.05891064853837447,0.020932826339664402,0.2744332804343234,0.0,0.7830135052005269,0.2628446809696332,0.33109557621161934,0.3591007216573454
Alex Muyl,0.009592964325344696,0.11791620732877292,0.07129242233892653,0.1798392933194821,0.3734054931638861,0.7743558722315628,0.24560528363058395,0.23383220116547604,0.307442400046622
Auston Trusty,0.03537873492026883,0.007731585835689805,0.4594065013539688,0.0,0.7444813466478764,0.3087583019074219,0.06791067836426512,0.3164257057161179,0.18251844354033023
Brian White,0.0,0.0,0.029534325641209846,0.09616234737023137,0.39867147850873236,0.06871625436099492,0.8818914116575706,0.0007872528620139496,0.2201966699225283
Bjørn Johnsen,0.005253734600736472,0.05985679378313436,0.0652429707069994,0.36183908212717886,0.14353912971481306,0.2622868072032343,0.8721062773331921,0.04082759737873547,0.09783298659247613
Jack McGlynn,0.022415968629757636,0.04386850066879477,0.06854590822894675,0.43375644140200054,0.04589015628386015,0.4035352532672563,0.10055811946131854,0.583252199373712,0.5380410918040631
Frankie Amaya,0.011476542247450122,0.12580618475295732,0.0573936076241854,0.3752907175543315,0.10444615505740037,0.7885866965052422,0.10450108066869698,0.3043354335018815,0.3218469120876477
Felipe,0.02334741978672591,0.00410450980092647,0.058986151214544716,0.2803993067041898,0.20826869499197537,0.6853687230909633,0.15830344308857427,0.5654271065376051,0.24384623217740645
Aníbal Godoy,0.013682483045208768,0.021013134141180886,0.11557345453600253,0.11295897665672007,0.4474430290447006,0.5260348937102911,0.043359950304734794,0.7024064528240151,0.03288464915161576
Edison Flores,0.02055201220524417,0.22731023107261505,0.0,0.4197921734786823,0.1553320744504278,0.23859821034919376,0.6710463236256711,0.27311072341702564,0.4071024560209167
Jon Gallagher,0.010590847352967003,0.16068381724852546,0.024188304148360186,0.39717502061505666,0.42980202838771936,0.2009100093401832,0.6743974769309145,0.0,0.36854972719918083
Brian Gutiérrez,0.005566156266349086,0.24764534961120377,0.11956883610812737,0.640998624895184,0.0,0.4690517451630016,0.30994203479471005,0.23445474839802455,0.3773886874497838
Kellyn Acosta,0.018116004891972525,0.06424858691032186,0.09196953148864552,0.12461726380969015,0.3610081728562099,0.6934065271629253,0.0383631612232102,0.5744914523712077,0.17001293632362338
Taylor Washington,0.04895449370255043,0.05818389934283075,0.20586295453652587,0.1466234969909846,0.33032366108721034,0.32029422966246923,0.0,0.15764285222875984,0.832938594372518
Marcos López,0.031040162368787767,0.17495095164469943,0.4581163328487257,0.3363490379361435,0.38283066722747167,0.4304075718669827,0.02182341889477393,0.17305008129761895,0.5321605332564293
José Van Rankin,0.01731206700603185,0.05016792761788864,0.13943361213470612,0.036657541513636024,0.5079447374339146,0.4207175709442956,0.0,0.38334041619186165,0.6280421628820179
Adam Lundqvist,0.02292286129012494,0.02786796865845836,0.1706073156018071,0.0576835274558977,0.3191988788003571,0.5726428113858189,0.0,0.24141057693348467,0.6915033571588047
Brandon Vazquez,0.012690441577523038,0.02864262824050063,0.026471005561659374,0.3536907325478845,0.09999873330031761,0.3152583703431991,0.8586858860887782,0.04507715026718319,0.1563960259627514
Yuya Kubo,0.015348307615106324,0.08775299355115275,0.09842102954509886,0.00657032309061112,0.4408404160977498,0.7369576532316056,0.0,0.49486070590829745,0.0
Anderson Julio,0.015330035928420003,0.250010180720146,0.03213819981578575,0.29877631186216047,0.10966821147667073,0.2506761894857505,0.8691510227268833,0.0,0.12911460888135168
Benji Michel,0.01208793091503342,0.3671012092368977,0.08831677315995853,0.2802108363091857,0.6040339925685546,0.2146881173873896,0.5887479618263405,0.0,0.1456035865499182
Jared Stroud,0.01330325379341444,0.06741028013451056,0.0,0.2358369168353721,0.185334767794316,0.3652072980225703,0.46951426412146413,0.08674977051232194,0.7375400413865681
Nicolás Lodeiro,0.0,0.1750846140190019,0.0,0.4833617287323913,0.0,0.19670945886261437,0.29760656314008793,0.7087616172608378,0.3257291964168629
Dániel Gazdag,0.00222354895917569,0.19807965828017407,0.0,0.3278721679289194,0.31983039069590413,0.4300252768751483,0.57919268037028,0.38514732420595327,0.2867812867002805
Andrés Perea,0.007477958930143874,0.04744510564540328,0.1377988056715577,0.18191262618371098,0.4353264045150716,0.6036216207053935,0.16739597754016808,0.6030172182642105,0.009644138127019048
Justin Che,0.021434653268999727,0.05534460002034108,0.19924431360717634,0.23524908207029394,0.11541158721609716,0.6435950575710823,0.0,0.2640006920594824,0.6357722121692378
Ema Twumasi,0.013446362077971695,0.15177961029223386,0.2118508089101917,0.24349896902330775,0.49229315074621616,0.48137460137804705,0.0,0.5002063826954454,0.3851352407691572
Javain Brown,0.02794553808407742,0.005969829046052873,0.18271031877758567,0.04761665613064402,0.30761770492023,0.7055705104266987,0.03645052110775715,0.20699876011635285,0.5717494877746416
Gyasi Zardes,0.0,0.07640933694892896,0.10687857537325084,0.2618229858249305,0.43398240362829854,0.0,0.8519380759738258,0.0,0.006935091488083521
Freddy Vargas,0.00929898365269529,0.38047465313862094,0.025473708330583603,0.555066879247706,0.0,0.4875274981214477,0.29239661257752314,0.2563879163491743,0.3968511217660024
Ahmed Hamdi,0.0,0.23753737136476494,0.043489365021209155,0.446147894123811,0.20395323777784582,0.5322015776312928,0.13852252095985393,0.6088249146269775,0.16716764336179146
Darwin Cerén,0.04959162111303093,0.06966439777779387,0.14500196020438638,0.33543852086881376,0.3069746195491409,0.6073953350813639,0.010227812721622513,0.6268405740719794,0.05428397065402878
Rémi Walter,0.02047519758391807,0.06205637090033755,0.14538775063445594,0.20691976509941484,0.5161871364656946,0.5016429387762411,0.060880032577577646,0.6402679397991957,0.005672293466062174
Dru Yearwood,0.013185638214782644,0.12132435613529853,0.03757620719694817,0.09758792057699416,0.3214238727387586,0.9027024747369788,0.06099191736848547,0.1890773909783039,0.12851392273711137
Eric Remedi,0.02427269410257456,0.03609567967030166,0.1156006714678878,0.0,0.34955562668773654,0.7911755343039304,0.0,0.4864119249732159,0.0
Richie Laryea,0.0,0.19141255770903431,0.08165952724471183,0.14512595116766464,0.579585704087313,0.44615309844886014,0.23971306223902653,0.38651416198783295,0.44023140210128525
Yordy Reyna,0.006208320371117178,0.34350409393867615,0.0066313669283492305,0.48281823080500247,0.13009638971265675,0.16974614413647016,0.6508850515449951,0.4087230765813409,0.11119463773138188
Andrés Ríos,0.03634743702434597,0.10927453876960924,0.03881732658358601,0.4670181143033319,0.2632107832200405,0.46488347800496865,0.6225676368326494,0.2768584742565134,0.13224066448553606
Robbie Robinson,0.0,0.2049598890721253,0.009491876673012607,0.3169381229392853,0.36967368121069627,0.20770152247309964,0.6924320040423735,0.275675414426069,0.3495625938481626
Nicolás Mezquida,0.009450927275713054,0.2399220669610696,0.056687499024290953,0.5429038573594457,0.0564666282585399,0.6123892524811727,0.26327656444855296,0.4178319183817029,0.14927448814066696
Drew Skundrich,0.030804524567477242,0.04847208171106421,0.12443337738913608,0.3695216641486934,0.3453576932597953,0.7451027610677288,0.23934420985694319,0.28817955851390264,0.17288274435376338
Lucas Esteves,0.01921464401922106,0.029121284317410272,0.20489446878179665,0.3701802844939335,0.06897186923701518,0.20955455075532625,0.23558353325528972,0.20770255070261498,0.8200349886997518
David Romney,0.09564368767552724,0.0,0.47841307990045956,0.0,0.7002163102058198,0.0,0.046894253617878585,0.4605162494692536,0.23957471039766284
Jhon Espinoza,0.017087240947960578,0.11810994784202226,0.12912849563466727,0.3337518294426406,0.023731181377529054,0.5023674370574702,0.06042261143386601,0.1325927604420231,0.7638885203332824
Carlos Terán,0.11396542743862348,0.0,0.43245418837886,0.23470066148400404,0.0,0.5346849524891298,0.10696800888061252,0.22992639599023657,0.6282631255183128
Luciano Abecasis,0.027522351558480106,0.09899508455462981,0.19331794581850167,0.16365317867863938,0.16742766202361278,0.729915480122991,0.0005305764106811881,0.43410092816462653,0.41956617458157625
Jakob Glesnes,0.0965446387933743,0.06951289090220347,0.5926989606704213,0.0,0.7365650908985578,0.2712796271574136,0.06058953083335315,0.12150379521317659,0.0
Kyle Smith,0.03167267978414883,0.022597208056786004,0.28822325487813605,0.10939410752893718,0.3375267330645281,0.5876712887061023,0.0320182055566095,0.33885154599034634,0.5729913763041395
Stanislav Ivanov,0.0051488246539042205,0.128309931032102,0.0,0.5208310615597006,0.0,0.35902146787312805,0.3755777708980758,0.0,0.6650488554469308
Szabolcs Schön,0.007827700201726734,0.3388032003786118,0.029144589143436813,0.42599072421205764,0.1352253609683471,0.7276682490998431,0.21986516048839874,0.17950990406453649,0.27291416394318857
Nicolás Acevedo,0.01117442316131412,0.025714664574838925,0.10703166205446729,0.19260935830891515,0.31729371071348555,0.6410447935097123,0.0,0.6622096682683305,0.022899253485790583
Matt Polster,0.014643716011269308,0.049953143590223625,0.2771649219895651,0.058328323221466534,0.539477993954294,0.5227268616944734,0.03720922786060116,0.5915481712858307,0.03839289345739969
Nigel Robertha,0.0,0.2820400712611314,0.024667670341353875,0.5097101790759324,0.12356517911590648,0.06488504139076906,0.8003511826086718,0.0,0.0
Rayan Raveloson,0.012923843064004735,0.0859948489801014,0.18342604044385738,0.12387088325216185,0.44870906265583727,0.5378956664835203,0.10672151974954662,0.6643701517150515,0.0
Bryce Duke,0.0,0.11496337972292513,0.0,0.5085817814694077,0.0,0.3407277655055901,0.12116619967275637,0.6244810755814526,0.45538414661815757
Tommy Thompson,0.00024482774788599037,0.074243722835896,0.32870083517381615,0.17558948018770454,0.2958738206654127,0.42611523721350736,0.0,0.3327945962815189,0.6897420884848455
Zorhan Bassong,0.011659734324759986,0.133836381264915,0.3310670041416061,0.3229148899803317,0.39007189003438814,0.475302877381306,0.0,0.4452081171293241,0.43794213549656763
Waylon Francis,0.04709490179490382,0.0,0.30854017710176157,0.21233699816391122,0.3729076572124336,0.5843395803494488,0.0,0.2486239841928332,0.5614011730154537
Keegan Rosenberry,0.05385110702567913,0.035378375288309956,0.3086361313359657,0.04688583661902182,0.6319940039323486,0.227421213571022,0.0,0.601983243556405,0.2913301060332135
Joseph Mora,0.023265166881096696,0.06462890859379938,0.2054987978361768,0.1406972098512888,0.2895192889154257,0.7292848817398083,0.0,0.1329221480993741,0.5476405943392307
Moussa Djitte,0.0,0.21389549949674436,0.013530020771032917,0.7501501099834779,0.07180921311301718,0.0,0.6056420940313924,0.10065772117028447,0.0961747385903099
Ján Greguš,0.011961961140314052,0.0530545046140004,0.10774117297785948,0.4232457096401413,0.20133279766872939,0.3661004615179669,0.022315868812688724,0.7820196165216998,0.14028513098689854
Danny Leyva,0.00746752978780061,0.022929168221416673,0.1019936406591201,0.46204443892867353,0.19932605848943857,0.5127238557935903,0.05080916045589046,0.6672017176700706,0.15866439494360787
Eryk Williamson,0.007535035430353005,0.2514852720814943,0.26068841742470333,0.5774446171798353,0.24969462929473846,0.5276904191452028,0.0886013588391772,0.35854987693159723,0.24100797266005186
Moses Nyeman,0.0054451258061001245,0.044911191099453004,0.08443481141220274,0.34377745351785444,0.13841282058878768,0.7702237883054706,0.05257680533493704,0.4624995343167899,0.2087300359701487
Francisco Ginella,0.0013356200931280786,0.034616988128149825,0.04431549549894366,0.288467605897006,0.14934236373892143,0.6652705118363443,0.06338711536589027,0.6416145682985404,0.18178911211946752
Samuel Piette,0.021282050441695646,0.008279883458723837,0.20058263518758235,0.23594252901084295,0.45366342165220797,0.5126988512183098,0.049279965389836713,0.6576299264400098,0.0
Allan Cruz,0.012546580300602028,0.042116424507494955,0.11320201740930191,0.21594942895275618,0.464204395096855,0.6716416796607324,0.19933438922659447,0.4731408327238127,0.09184348041781819
Blaise Matuidi,0.0024462847660654896,0.0,0.16230614309646413,0.21513973110110624,0.6327594981990745,0.5244508797531088,0.016321027668739257,0.4770864283153334,0.15509508001202776
Alfredo Morales,0.021618841042470957,0.027333572902484983,0.2162257658391608,0.1310486073264528,0.48335460316529777,0.5745604161186115,0.05596813153579571,0.6066089401668489,0.0
Younes Namli,0.00733699495116725,0.34498658987671676,0.06019576089836814,0.6555453553962143,0.0,0.3188833262524855,0.057248532489655904,0.5803663632860265,0.0760137673761917
Paxten Aaronson,0.0,0.14978590177520953,0.023949238839137545,0.5013702813254167,0.0,0.43674232411111286,0.5514450372701977,0.0,0.4803987633125004
Sam Vines,0.009571521947616886,0.06229955947128305,0.1825310046192944,0.650771761670697,0.0,0.03400331178688555,0.1438489478360122,0.25884164045893554,0.6710871460402905
Saad Abdul-Salaam,0.02488284286027096,0.0,0.40092505767969305,0.46614425825422984,0.10391719190158455,0.3526771244167376,0.0,0.34001906738572435,0.6087335785932234
Jhohan Romaña,0.06263379608536215,0.031511484500798936,0.6611208878628279,0.15788577391463623,0.6055262983924288,0.15766693925092481,0.036409494000388766,0.36735572248979015,0.07265292893190242
Nick Hagglund,0.06729480566860531,0.0,0.6474099141727034,0.17169782815701362,0.5461080866122948,0.41238035870407513,0.15627800144410287,0.0,0.23267413204624968
Leandro González Pirez,0.08108829977487618,0.05726597702437817,0.4361356574854003,0.0,0.5561945814753696,0.6056706300736373,0.0373838744994742,0.34385761724333375,0.0640784221062524
Benjamin Kikanovic,0.002712186226337749,0.2616814979300142,0.10638453283950645,0.5452426287213037,0.11363828992165444,0.24943392273520754,0.7401197889106794,0.0,0.0
Luis Díaz,0.01385564705580923,0.28618047476767866,0.015483039216751947,0.35160359144738623,0.0931501826097948,0.45101601638542427,0.484367454485162,0.0,0.5893553362475578
Thiago,0.0,0.3016201567250059,0.015840543339607896,0.41380626124246445,0.16500497731491442,0.629559624394335,0.5494982637727631,0.0604933784446679,0.0914274710864273
Edwin Cerrillo,0.021718765197913895,0.02804553671737252,0.15428018682020425,0.2795424768192248,0.368732913804947,0.46321474121016615,0.0,0.73909641625401,0.0
Osvaldo Alonso,0.009906002203103509,0.03873828408213963,0.1838916287136187,0.2707295971985366,0.3250330812897508,0.46868831432060204,0.0,0.7516690806312843,0.031127541920568148
Everton Luiz,0.00484599257996821,0.04378194123290237,0.10735818374330441,0.14337060261267112,0.41082352488624346,0.8021378661447399,0.0,0.3921437554142527,0.0009480791234247713
Gregore,0.0182645298046882,0.016987920927128555,0.11250922680623904,0.02293145505877399,0.47435000896086615,0.6815818002158801,0.0059977195485370624,0.544606266691323,0.0
Mauricio Pineda,0.03645112301154929,0.0729184289370689,0.46701691093227177,0.08643277760501757,0.7027153624448431,0.37052966932219444,0.05007663879076547,0.36629224943305,0.0
Quinn Sullivan,0.0,0.17950949012331424,0.0,0.6377280823371829,0.0,0.06743822955739776,0.5028104247097983,0.22895852940123304,0.501289327400801
Alexandru Mățan,0.00746018784867942,0.49288746875887,0.09474570843620632,0.6297860296481591,0.15459218342994327,0.5129159962078977,0.10280770174939131,0.19395424611031625,0.12739647115942948
Isaac Atanga,0.006913328348775017,0.2448603742081764,0.05663655206220792,0.4918181007049682,0.27694427666365423,0.40622768187766295,0.5831532418203439,0.0,0.33632736207035785
Teal Bunbury,0.0,0.1639034497309692,0.1619272326181529,0.4090000009613008,0.26848903913780675,0.22216979095152808,0.727932530324443,0.08374615552290086,0.34826607974158186
Victor Ulloa,0.022441069452014024,0.026109289807829332,0.19072362964555842,0.45474402256023316,0.40592505845172105,0.5587912444089344,0.06398662430010828,0.5012950265713205,0.15242465275197442
Jay Chapman,0.00854069091263882,0.057422898179025565,0.09541939320038902,0.3813470176624941,0.33892084096604297,0.535960881560668,0.07728579845775545,0.6452887697272564,0.1326919926026445
Zico Bailey,0.012597170607939754,0.05497749084148789,0.24654972152857185,0.6911378565087563,0.1472017663679873,0.37457831413362214,0.13152667673913046,0.3664360714450392,0.3805371865100155
Maynor Figueroa,0.07626712535059521,0.011280844539504365,0.5186943647224577,0.5249169993622789,0.1424196481289124,0.41832621657223173,0.15669328376540828,0.4629408395349976,0.12380299750629488
Niko Hämäläinen,0.021128868138535706,0.05940105510597185,0.2522218432175101,0.27467949622959426,0.18518309884520712,0.21326070969396582,0.0,0.3723223640284989,0.7991017135419257
D.J. Taylor,0.004687075360583926,0.0,0.23323492976884166,0.389472144410477,0.028935405484616306,0.5267912912748457,0.0,0.2961479789412644,0.6540955586946133
Kamal Miller,0.03603486599596083,0.06473747842982197,0.3327792567706452,0.0883776288300535,0.5256394310795471,0.013531399356250702,0.0,0.7540417771587583,0.17578110344928657
Andrew Brody,0.020692048529521237,0.22767700509200758,0.12639545524771595,0.25649257425356353,0.22700153690183508,0.5350728110034144,0.0,0.31894867229255963,0.6530006909164885
Teenage Hadebe,0.10045747102703709,0.03157181115081678,0.7491107221407031,0.13720945960036252,0.4616296182087436,0.23790573846688842,0.0,0.28659689303035357,0.23891292038699422
Milton Valenzuela,0.03457301168113708,0.019949607223841658,0.1816914965402745,0.2598519311163412,0.0917601014627242,0.6608994048623823,0.0,0.4286603260981727,0.518569454631182
Kelvin Leerdam,0.06696376643511141,0.022310221957107947,0.4244593387710716,0.2609829322925079,0.5279788776988661,0.3713577441847424,0.07926988022639833,0.21521677958593244,0.5267542512163479
Sam Junqua,0.03788055807697603,0.033633367514535766,0.3946577742719904,0.14989995006055082,0.3786701409230002,0.4324400231126376,0.05557006126724611,0.0,0.6969401876505494
Andreu Fontàs,0.043569122485866654,0.009853893530024261,0.3174378606562519,0.0,0.35519195316727914,0.020755594103938773,0.0,0.8778642940048869,0.0
Miles Robinson,0.04438108607223785,0.018578148562685335,0.557281758883211,0.0,0.5399597181552956,0.2748177304206682,0.015198833627038184,0.5655173968000723,0.0
Jhonder Cádiz,0.0018086756615795787,0.06470522408841052,0.02670506040817029,0.3816631162869609,0.04336419521059565,0.15876677076081475,0.8922641653323904,0.0838602443855443,0.1384732675788041
Chinonso Nnamdi Offor,0.0,0.26410123342402014,0.10616556771801496,0.28158727163558767,0.3166231148056964,0.3659625852929827,0.7781447220949737,0.0,0.0
Collen Warner,0.03088803370396252,0.049114069718960665,0.14204572558703857,0.5555575211217572,0.21259868373634977,0.4966099647983941,0.09927803278990224,0.605092393638294,0.0
Brian Anunga,0.011995094612878137,0.03810527418571437,0.17893438661854352,0.33122401436498494,0.4636613802007493,0.6586937328092293,0.046991686515467514,0.4443733810520873,0.09023310842921013
Maciel,0.026976746064016593,0.025573435041892734,0.06758896289009501,0.2557108452327833,0.2790016400404359,0.672172551005187,0.0,0.6298465365894182,0.04793158868610128
Facundo Quignon,0.008402405592749164,0.0030005191594070367,0.19264178027086037,0.24712460129209432,0.37572467459905473,0.5725797116727911,0.03579750904963223,0.6568416501861809,0.0
Joe Gyau,0.005407159717582941,0.21864987552339152,0.1484696151659081,0.3256164697325507,0.5547577489614748,0.5188107642117665,0.0,0.42560547767666357,0.25696865732149327
James Sands,0.052093586637242825,0.0,0.364392630989658,0.06257871949439975,0.5705458510197894,0.3457331042358646,0.0,0.6446194420723605,0.0
Ilie Sánchez,0.05393066771962863,0.0,0.3046975693264882,0.0,0.310863101786081,0.158390115066695,0.003810908150361387,0.8845976795707808,0.0
Tom Barlow,0.0,0.12548330635592508,0.07829783684005956,0.5672559554525481,0.0,0.11443304109453695,0.7990957539707217,0.0,0.0685209797623256
Patrick Mullins,0.008786965729702034,0.11280307316243703,0.017441505801992017,0.6773295304776963,0.2371205985922884,0.2728004440176567,0.6210954656056055,0.09517060758809934,0.05153129591879064
Edgar Castillo,0.014027515785782742,0.1067545406376024,0.2770118852066053,0.606524708340021,0.1764291087557122,0.5318624285079548,0.0,0.2830939971749473,0.3868485568930892
Emmanuel Más,0.014722515698409166,0.039170144621500536,0.22691099924840782,0.42033581749618487,0.07541223770115707,0.4740028600950286,0.0,0.4350781114647402,0.5919623858005305
Pablo Bonilla,0.024217265835300823,0.036683812083097116,0.28808617321697233,0.2464567025587358,0.32811058107419216,0.6470837091635578,0.0,0.0,0.5726773895081574
Jeremy Ebobisse,0.020432835413888847,0.09570661000028426,0.0,0.6220899125633593,0.22984533997775697,0.0,0.7416413473651379,0.0237931985039136,0.0
Sunusi Ibrahim,0.006464027117223733,0.17454711536536185,0.030723658430846453,0.4585270339128651,0.1388798599561453,0.0998617631934255,0.8373522753505939,0.1669781919006159,0.0
Miguel Berry,0.0,0.05505994757710454,0.08483317240996892,0.36664348773001415,0.10144026351497583,0.10677065124095615,0.9130466520985836,0.0,0.0
Lucas Cavallini,0.0,0.23953449102966706,0.10942108252286616,0.40137901029520856,0.34454061191512564,0.2601052624353624,0.7629986134163643,0.0318634511691461,0.0
Cristhian Paredes,0.02731228802473803,0.06968484355014369,0.25146902689845524,0.5290406302369023,0.3317248256207076,0.5783158590001327,0.3277998001951959,0.2219807221920143,0.22373792444393978
Janio Bikel,0.025481427219045345,0.081671019942268,0.09629416335254909,0.11033537098739689,0.5983606613049738,0.6583529698208289,0.013382860606174574,0.4237816260228151,0.0
José Andrés Martínez,0.03188401356935175,0.09040974643535031,0.19771063168362962,0.04119868058574894,0.3506892556102083,0.6848862235344754,0.0,0.5983064173796745,0.0
Kevin Molino,0.0,0.16610095150939244,0.04943540353408133,0.7146943711438,0.0,0.431965458836555,0.20621689181469474,0.41454615166834585,0.2412685115796116
Daniel Musovski,0.003682509024498982,0.1393534054628783,0.0,0.40718701906409516,0.011699806740236482,0.4494887171213542,0.7826805266018312,0.0,0.0
Kieran Gibbs,0.00988589896776841,0.06115049999532117,0.10064921711771634,0.5887426842198829,0.07485639786810315,0.15830107820797193,0.13326216379022043,0.31692251913107355,0.7003950835985701
Mustafa Kizza,0.02081006992157127,0.010580583543162202,0.06661881014103929,0.3380211316916148,0.0,0.18335664653289846,0.05220287343643183,0.38454602664457144,0.8345886378786377
Erik Holt,0.11861967269929816,0.0003954991052972167,0.7623983298714215,0.34184305034234835,0.4089391777532121,0.0,0.1046946997502636,0.33110285579228055,0.0
Jaylin Lindsey,0.007038699458260147,0.015926504390299908,0.2679328935317522,0.41968770326152705,0.06287849062522585,0.3428763855860567,0.10926747622019255,0.1294545682068435,0.7755999049107689
Nkosi Burgess,0.11220657669452881,0.0,0.6949969839519822,0.24521955307373686,0.535329306081383,0.019772131434503713,0.05365895460711876,0.3929485471329452,0.0
Jorge Villafaña,0.021598202597408456,0.04058366419754613,0.22649403317621208,0.23028457267533237,0.48390696895202134,0.3779034206200888,0.0,0.47180774888896104,0.5421959521610331
Kemar Lawrence,0.020561310561727157,0.0,0.3621877080806838,0.24643074014735103,0.5263559967377943,0.15943261338124712,0.06267937997293607,0.3348305756827105,0.623826557896068
Julio Cascante,0.05568813677975571,0.03551103764255747,0.6307704181758939,0.0029782854789385136,0.6690213816219239,0.0,0.10866174507922975,0.3719685780901266,0.0
Jonathan Bornstein,0.030232639439681835,0.05671917503989349,0.4867416510599727,0.08075523856602694,0.7095106931087647,0.35355628799531247,0.0,0.22200001683442516,0.2733836121124873
Justen Glad,0.06736076074876403,0.0,0.5484278741310497,0.0,0.583797597069568,0.15691326874652164,0.0759433843833531,0.5616082022484927,0.08987110809455896
Alan Franco,0.05759250667405139,0.04618356316810046,0.6149947905818354,0.005130242568171517,0.49700281262095414,0.5130764433040458,0.0,0.32564710563710625,0.0
Jorge Figal,0.07882494291005993,0.04943127504141775,0.4222038877975001,0.020715422142837506,0.46446557210444345,0.6262366445073431,0.06600646456257772,0.44766111052776336,0.0
Dejan Joveljić,0.0,0.08307308257314458,0.02516401044790887,0.7278579717814062,0.10098557115417135,0.05991063896889315,0.6611628062683448,0.0,0.10846557891148062
Sebastian Berhalter,0.024521731028939262,0.0,0.08738793952046162,0.19184754620222294,0.021530433310524035,0.6038872613629342,0.0,0.7672961241733574,0.03270818832461276
Matheus Rossetto,0.001384259334355188,0.06028906483641187,0.09727643379517698,0.2818374532586852,0.3568233066924049,0.46600574206433903,0.0,0.7500876482277707,0.01877642128553474
Federico Navarro,0.0049144711058319085,0.030467683285594273,0.21737756823262114,0.3171969770424543,0.2242124898003713,0.7444705630670079,0.024535296396904393,0.49498932106701643,0.032504926363560595
Joshua Atencio,0.014281973814607203,0.03031377168269749,0.18990129958932142,0.29747403271016004,0.4282963395375144,0.6661028622796978,0.0,0.4893934440789289,0.08767597186170152
Bobby Wood,0.0002763182544722743,0.19785801295003655,0.06578877959352508,0.6934611575144872,0.08395404825440884,0.0,0.684379536376186,0.014558771553965953,0.0
Indiana Vassilev,0.009877220119912607,0.24692018985963335,0.020876633038320616,0.8191755821582608,0.2008800942127339,0.09849089470392831,0.3567345188923594,0.2944064846242348,0.058825406096201564
Ariel Lassiter,0.0,0.19725275583169896,0.0,0.5131627389174264,0.0,0.0,0.6721854758904419,0.1748605562500032,0.46405368824463095
Emerson Hyndman,0.006950587859382744,0.07999609603039083,0.026464164507393338,0.6216814508361767,0.020453582169761373,0.4861638565785922,0.09416575499711155,0.600602449004611,0.0
John Nelson,0.028944251428646695,0.15303198627490794,0.3546887750936683,0.3766122100528775,0.33090686157662264,0.2195786783063724,0.0,0.08153793173089774,0.7373872634046619
Eddie Munjoma,0.018159781786758346,0.07149032214484505,0.18142677255876602,0.6094569880941967,0.0,0.4124710517050469,0.0,0.16509821474190375,0.6267504072767024
Walker Zimmerman,0.10611851893225482,0.0,0.7051825589055639,0.04661134365137367,0.5567752335660876,0.0,0.3927382814830149,0.15702682093582,0.019605107753485316
Dario Župarić,0.08666319653017666,0.008403733964751435,0.5414335562767842,0.0,0.8350594983258124,0.00569845420276951,0.043723376306470975,0.0,0.0
Bill Tuiloma,0.09773272511950636,0.054459107392354565,0.7609084111123817,0.17495030467147374,0.5729036524828656,0.04722430584954504,0.1698571128010847,0.04569223016944461,0.1284731571121964
Omar Gonzalez,0.07447698840019729,0.0,0.6031424965197394,0.1327583719385648,0.7441556381123744,0.03268906345841969,0.2089434873858716,0.0,0.12063976229171271
Rudy Camacho,0.06847594018644503,0.029132745909116818,0.647848822381695,0.0,0.650014321053798,0.0,0.01572925347180659,0.3898566468334458,0.0
Joel Waterman,0.04288863614169709,0.008906573897970076,0.32341273372837,0.03638483589496435,0.5222936269336189,0.3324490387116252,0.0,0.7133362384841992,0.0
Mamadou Fall,0.0926408655294549,0.08469711469269563,0.6000246990546889,0.17444865297718543,0.3379767454768005,0.5749494574761106,0.24154308047456818,0.04319254498286814,0.29795684585700805
Robin Jansson,0.09494484900313858,0.0,0.6093104827374668,0.09196458864622417,0.6582002251895431,0.1777092539982634,0.06682759659887572,0.3765306014615322,0.0148117793930096
Jesús David Murillo Largacha,0.07167233481438035,0.007866906864899225,0.5687573352669761,0.0,0.7507291208540303,0.3265994332657586,0.014185171484777558,0.0,0.02921746020465168
Jack Elliott,0.10941505939569905,0.02207503875344605,0.592928412688832,0.0,0.6739859838446639,0.36794788593423344,0.15804628735838155,0.14613539180319063,0.0
Corey Baird,0.0,0.16893289984432977,0.03608036737074777,0.7803629322100077,0.08023763405615617,0.05932351204553573,0.4369743989367224,0.015626338131230162,0.40005676060195333
Jozy Altidore,0.006634997239356679,0.0,0.0,0.553262444022279,0.1294710853627492,0.10285046748519336,0.7967641034996308,0.09329634650855882,0.15158634286036965
Mason Toye,0.008941570193980076,0.03536000631598843,0.005651989333361499,0.44865643611130124,0.16053697436748388,0.14439151044870877,0.8664433894949832,0.0,0.0
Daryl Dike,0.00702656048943231,0.1556905508478874,0.02803170660470396,0.2608972875530286,0.34881531166902624,0.09574030457773257,0.8809197358563793,0.0,0.0
Erick Torres,0.002876225038817479,0.08816909473850647,0.05510451401216733,0.5434934607220621,0.11795766657734516,0.5441080603671209,0.613319620760652,0.08756562727192166,0.0
Emanuel Maciel,0.023151151809251366,0.0,0.0951181443488976,0.29227358827197286,0.19429033021828906,0.5348046729067124,0.0,0.7623830676274003,0.0
Caio Alexandre,0.01754115053597975,0.07007481171184704,0.02061873304071134,0.30148671033887164,0.22079192249547647,0.5834467730936899,0.07064579621786228,0.7076511330118855,0.09242453943252972
Jhegson Méndez,0.011502333738895533,0.0,0.13952351377797395,0.31967754770987883,0.22007179551584646,0.49983259470987473,0.0,0.7615398433409969,0.0
Derrick Jones,0.027415766574283688,0.08150965133402259,0.2842405326791265,0.32146007643898844,0.3394696516255818,0.7800741333955329,0.0,0.2910669911774453,0.0
Nick Besler,0.013797753710661475,0.0039797141312737745,0.23893031380375998,0.1837602185853892,0.49807996304467017,0.7287621216984427,0.021578742608250993,0.358184802942639,0.031597409363012065
Russell Canouse,0.013732648326645851,0.021251439483659335,0.1419639981098657,0.11345652009059466,0.39229119514341065,0.8208496848954485,0.1793987922474468,0.32365248708663663,0.04137856863393389
Brek Shea,0.02467832228235917,0.03298327250672284,0.22513914352317385,0.3203353008378649,0.433974090073347,0.12377568416697092,0.2838090696654165,0.15841702704891783,0.731917530808959
Rodney Redes,0.005103856526310431,0.12787161796730606,0.06549889192013618,0.6955669282139445,0.11624574002888004,0.22672689539102492,0.46245149684525083,0.0,0.4655532186510002
Ifunanyachi Achara,0.0,0.21957811860859083,0.04534607870432664,0.6354747371618983,0.0895145719185354,0.4082858577785475,0.5865797942393616,0.08054710468473192,0.1436215515609026
Cory Burke,0.00761892847255275,0.19495609896436952,0.05314935872404173,0.2921754469339118,0.14554615449460978,0.43548756847601233,0.8141926184241655,0.0,0.0
Wilfrid Kaptoum,0.017601867376145112,0.12400151323367972,0.07795742981110929,0.4881391796017369,0.20360624858020399,0.6230992483036248,0.015517645586770606,0.5552338957027756,0.04150813771220865
Steven Beitashour,0.04563985678748755,0.010412176158979108,0.3161800931884624,0.4808946425260406,0.46637369278054586,0.17597941431778943,0.0,0.22436316612974605,0.6064380229042204
Wyatt Omsberg,0.08258854538310696,0.0,0.8337796814447277,0.46659435611632266,0.20171287574330707,0.0,0.1989778821406793,0.0,0.0
Steve Birnbaum,0.07727904199193911,0.0,0.6968557373863902,0.23630387763999375,0.5768183299897255,0.0,0.3462096511373498,0.0,0.0
Matt Besler,0.0501784124535301,0.004006500725252653,0.48573967271309576,0.08829503888741247,0.4170034610239374,0.0,0.0,0.7614690701729679,0.0
Bressan,0.09452261660851989,0.0,0.6317313870473957,0.215708568930542,0.3852154747736163,0.0,0.029802919869563217,0.629421612927913,0.0
Jon Bell,0.04728493995217268,0.0,0.6756385848914213,0.4658311716827646,0.15490353330940623,0.5300714618528258,0.13894998109308915,0.0,0.0
Donny Toia,0.043636076868092934,0.020491853606441797,0.34244772824413006,0.262491531890398,0.2953287156346324,0.4893768829700306,0.06555775431843512,0.2570039412879938,0.6437748806725043
Oswaldo Alanís,0.0860141914100946,0.030139881663711697,0.6136150744225015,0.05718647627440298,0.5048488398298201,0.10404818376637992,0.07571483478343806,0.5834965997786697,0.0
Jake Nerwinski,0.030612221523677326,0.0027835979030693017,0.4280008435209582,0.32394870187016356,0.5816943373226074,0.3561473536555382,0.06797524869476794,0.30032748657999836,0.38846001951098946
Andrés Reyes,0.06423621877611874,0.0,0.5305761726415391,0.21784786152000707,0.33653699416169836,0.7251510957674006,0.16674436218807878,0.0,0.0
Bakaye Dibassy,0.05199516186461509,0.02001800200373857,0.5712125110701061,0.1118920427661412,0.7616289884526508,0.25614083153338896,0.08065856175586406,0.06964288302810834,0.03239512818371848
Nick DePuy,0.05689783642915009,0.0,0.6069017652788662,0.07520813638489483,0.47139802513846096,0.17801818949955941,0.05984661435723577,0.6043909567369642,0.0
Christian Makoun,0.05828774586184645,0.0,0.47804885798482666,0.1841510102856053,0.5412852884958376,0.25911879720054326,0.020358806118644074,0.5736131484341523,0.21114306482748402
Donovan Pines,0.045509609527758926,0.0,0.685758368198437,0.1988186032290416,0.4346052161375298,0.5138977351927487,0.16952332278133844,0.0,0.08015463679344662
Danny Wilson,0.12906602542888687,0.0,0.5630402950384557,0.0,0.4338790143968004,0.24369303059955055,0.13283400544326798,0.6332814713412702,0.0
Geoff Cameron,0.0695040571419213,0.023572852071348595,0.6321590648388553,0.050898221723053506,0.7017577716479798,0.30875061790401626,0.015085907496958713,0.06193066465841471,0.023321417174767402
Ayo Akinola,0.0,0.10160145823264279,0.0,0.7233376689508136,0.0225700056736629,0.0,0.6823687523874921,0.017978903493598725,0.0
Bradley Wright-Phillips,0.006389225989768095,0.0866492022993494,0.07475157066150906,0.6462203528335128,0.13863918520279758,0.28812486918621405,0.6773925661604955,0.09036093842328045,0.0
José Mauri,0.011484350441336518,0.012799852017664072,0.12309663057908755,0.5654249959677679,0.028186452227593663,0.44178999118373047,0.0,0.6846773366217339,0.009494170604207125
Leonard Owusu,0.03646944563530502,0.10678605438728692,0.13052093636604153,0.4006976270179624,0.3492673107747094,0.655199514725546,0.0,0.5083289845399002,0.0
Daniel Royer,0.0,0.121615612588161,0.058989196617425264,0.528337066279492,0.0,0.23241736045216066,0.7549558392897924,0.18070726033043988,0.21437956805390623
Julián Carranza,0.0,0.06051204095232121,0.0,0.4932557337503494,0.147924415782954,0.6748580463257289,0.49878220175115934,0.1641291374593404,0.0
Judson,0.022089221946484185,0.0,0.18298842110371003,0.01991525992886631,0.26190706347838993,0.9152029476175882,0.0,0.24343615231122157,0.01333345258544419
Joevin Jones,0.02151210923123701,0.13586217632975692,0.2124762038019072,0.3437920432882654,0.3309932810495446,0.5391884238680459,0.0,0.32284493812322207,0.5596695716080496
A.J. DeLaGarza,0.032404635446641995,0.0,0.3045321818109683,0.6901862882830458,0.0,0.4124133507601236,0.018092069645736408,0.15494581360960066,0.48521405305771376
Ronald Hernández,0.005680392100868317,0.16387823030695914,0.23761698702878084,0.6307804990793069,0.0,0.41139940433611133,0.0489416262849541,0.2450796937997666,0.5357769864870584
Tristan Blackmon,0.054593967791893856,0.022964533424576078,0.49545114675169216,0.377906649356476,0.3108234762269248,0.2510927225450563,0.031603371435733635,0.5725081507229721,0.34609783301936947
Florian Jungwirth,0.07584304671874674,0.0,0.7058366578353971,0.5135401055727367,0.31227541631262246,0.033671345685833604,0.05444347788723144,0.3615317652026486,0.0
Jonathan Mensah,0.08873449257405235,0.0,0.6844103298670707,0.0,0.6190582964895491,0.0,0.1637482331430138,0.33713800125300536,0.0
Bruno Gaspar,0.01712101400153066,0.0,0.2374353213453277,0.577591817228685,0.05460102207871282,0.5005050630417403,0.20173533535801358,0.1420352411231715,0.5434715141866053
Daniel Steres,0.06765536524471373,0.0,0.6795566715224252,0.27149970284750496,0.28189869525346956,0.0,0.1122002301904138,0.606512676748222,0.0
Amro Tarek,0.11017720855306808,0.0,0.7560717960902078,0.2929017836190266,0.14634730171296692,0.4972379887601302,0.0894928682901346,0.12603296012153997,0.19459839754863198
Larrys Mabiala,0.09027613311556879,0.0051177331141090306,0.6430809451843048,0.21301995754668152,0.6669208728877888,0.08531271612423008,0.059571212060667615,0.2779981739020298,0.0
Antonio Carlos,0.07858428351896454,0.0,0.6427944752229913,0.02179090205984601,0.6692298027195592,0.06108503863792566,0.059345340965258515,0.3536144076622,0.0
Derrick Williams,0.05885558997807848,0.05980142171430173,0.5721723451190004,0.1512348697604124,0.45102199189667763,0.04131027865040253,0.014095549757559458,0.6613475412513957,0.0
Francisco Calvo,0.07644094305774761,0.01521036599291043,0.7368242597056969,0.12872252391279887,0.36166781300263184,0.397299478743013,0.17285790475103108,0.3323841718360433,0.07373176685695865
Alexander Callens,0.06426194531550009,0.0,0.553598130297492,0.14036854939804055,0.644539962396745,0.2145597073381596,0.057304108606312305,0.4472342282065862,0.07018786200718366
Shane O'Neill,0.08811706588043418,0.04321906945179043,0.5299632243393148,0.30639509651538666,0.6476081657551002,0.27106257124645444,0.0,0.350367330857379,0.0
Andrew Farrell,0.09465029482980132,0.0,0.5265184050092707,0.0,0.6580503293647887,0.2668202093244304,0.0,0.457817027636681,0.0
Nathan Cardoso,0.03793545942414421,0.00839762173467843,0.48650160128861114,0.0,0.2483434528228862,0.8306483980056106,0.0586093519523826,0.08197734446503542,0.0
Yeimar Gómez Andrade,0.05399965376932995,0.0,0.5441384125517504,0.0,0.6277514127493803,0.5321461636524263,0.059205826730217494,0.1422698835341035,0.0
J.T. Marcinkowski,0.6458170308117428,0.0,0.0,0.0,0.7037828625799656,0.0,0.0,0.29598994079571966,0.0
Adalberto Carrasquilla,0.01366682757173946,0.1188053538377792,0.07463964025847009,0.6132372485293105,0.031603761512094146,0.5281752336710778,0.12923128387623387,0.5495018830067622,0.07380099915585853
Adam Esparza,0.010192144269269406,0.027009560843012464,0.16767963266345437,0.5973519087896346,0.2095669704011709,0.4517293100399666,0.0,0.605180268218637,0.0
Brandon Servania,0.023083623392234773,0.11628898741121392,0.23430228646794202,0.5598084298848026,0.2723120593828446,0.6024998633577604,0.06780488593676373,0.3892280313439044,0.15622122823602375
Jacori Hayes,0.0,0.07327206983878565,0.0,0.435219239453994,0.0652426645544107,0.7551049348895225,0.0,0.48039082986455717,0.0
George Fochive,0.01173594004663349,0.0,0.22778921245162348,0.48632550530055557,0.32577789594336504,0.7386495468201565,0.191782456381079,0.15004441413127476,0.02082349647835006
Marlon Hairston,0.009262451168964958,0.0,0.14068175278141742,0.23932997107007514,0.35445686417196093,0.7148296082296924,0.04564923251163199,0.53304702099435,0.0
Lassi Lappalainen,0.004261577194218416,0.14403833903578034,0.0844413024719916,0.48990549073797457,0.0,0.5110165521002173,0.2589153663070309,0.3239863573900544,0.5467676190339688
Andres Jasson,0.0,0.19605634370469888,0.016155628959225652,0.4003037427821589,0.09774678860762959,0.8175078609907787,0.029337808497102744,0.3487198009376935,0.02679692561492405
Boniek García,0.06028169988430193,0.023894906676977593,0.30943472990394194,0.621484008291666,0.2674820937260114,0.5609873341590041,0.0,0.35714068083890915,0.0
Ethan Zubak,0.00588736338295105,0.18442420961071088,0.07621138202234472,0.66068351365009,0.06160357879951482,0.35965490666608096,0.5977951982769385,0.0,0.1820341122158635
Brent Kallman,0.10638199163113625,0.0,0.7602482022449452,0.43044675249361675,0.3932179474821687,0.1266419331331212,0.1910263910689941,0.1213433448853785,0.05955932525659774
Aboubacar Keita,0.12890570510619256,0.0,0.7933247614375627,0.21726113073468734,0.3376717210529485,0.12478673959556608,0.0,0.42097840986830043,0.0
Christian Mafla,0.026343595122806145,0.017055353325368346,0.14389876741521582,0.4763495742717153,0.0,0.7176177583366061,0.0,0.24831650089039417,0.41804667927395944
Matt Hedges,0.09643520344558978,0.0,0.7975618327452909,0.34097526727871125,0.38897078054068707,0.0,0.06708734525819973,0.2872842870404985,0.0
Jack Maher,0.10149038211020851,0.0,0.7212854736213318,0.38698006202057467,0.49664466074530067,0.0895725437681047,0.05209912162634985,0.24959952195944993,0.0
Aljaž Struna,0.05908386753289878,0.0,0.4670591688028787,0.4100592553107717,0.5102321744417967,0.216469861934626,0.005882596746076494,0.5504412399724581,0.0
José Antonio Martínez Gil,0.1101793707407009,0.0,0.5593465020188044,0.19905530306412417,0.3293284499805304,0.09096346297895955,0.0182540562475508,0.7199334643780414,0.0
Tim Parker,0.11239236143085946,0.0,0.4853645537823853,0.0,0.7887000421250971,0.0,0.09558859977607564,0.3472018907270208,0.007424098862649489
Ranko Veselinović,0.10581701696586515,0.02952354614720295,0.6777844945461187,0.1580718619355893,0.6856861901421794,0.08411438813006829,0.12593152360398954,0.10224017938659524,0.0
Eddie Segura,0.07182227303062916,0.0,0.43396975682494915,0.21908950122954912,0.3320262427551234,0.4865596371633128,0.0,0.6380895783965223,0.06611796470071635
Maxime Chanot,0.06574139302155536,0.023560173441475568,0.6535452611354052,0.0,0.7367625712427035,0.13504038251489092,0.06103805311097337,0.05561931086293374,0.011288762380108256
Henry Kessler,0.06628469208365662,0.0,0.6811265949464892,0.12344771242288546,0.663923128962363,0.10836201678429906,0.07319472509275157,0.24195009385283156,0.0
Rodrigo Schlegel,0.06188553604287127,0.0,0.6025934650129242,0.23893952953101089,0.5592292426003098,0.5102968730323464,0.053093814837480206,0.0,0.0
Anton Walkes,0.039469120998913254,0.0,0.5105416723723029,0.01875917005364948,0.7157314980609506,0.19783246810678592,0.025185925191652917,0.42945911584152374,0.03096380204086092
Gustavo Vallecilla,0.07585751049040516,0.04226138199103518,0.6896001613349783,0.15989563739374912,0.5805056785945987,0.3653314533722462,0.07149058719316881,0.12561766819499295,0.0
Michael Boxall,0.06587371016898243,0.0,0.45677572709138653,0.09558034786393124,0.7631596116799733,0.43913679497878794,0.017287624033690514,0.0439832708493185,0.01984638223489796
Dom Dwyer,0.008038760322721624,0.11243471619222913,0.0,0.6411275130994968,0.0,0.44762075049233,0.6130946000437328,0.0,0.0
Sean Johnson,0.4002622952007161,0.0,0.0,0.0,0.9138286388344655,0.0,0.0,0.06860986726851134,0.0
Eloy Room,0.5830983000177539,0.0,0.0,0.0,0.8042530292061317,0.0,0.0,0.0,0.11477559640083083
Renzo Zambrano,0.030402019856439467,0.06775045263293895,0.021028773817531706,0.5188572300859284,0.03444862822248048,0.5785942581787519,0.0,0.6235964522286337,0.0
Ralph Priso-Mbongue,0.0,0.07870228704130751,0.18743430551857734,0.6286110927672919,0.01849721138760129,0.6623254907318338,0.002047356565312384,0.3528330398257971,0.003142771905052743
Noble Okello,5.644609495673682e-05,0.038349680457124675,0.19916004324486866,0.39976550074760314,0.25885752745217955,0.5822888976361162,0.0,0.6199094110075921,0.09325697145348427
Michael Baldisimo,0.04758352556097955,0.004438166380950037,0.11689827252560206,0.218059410942527,0.24342117405988303,0.5724416031785008,0.0,0.7413216177368814,0.0
Franco Ibarra,0.002915979748187383,0.012477051222110083,0.18322243877540687,0.2575426313334328,0.14913159686320077,0.9214157689746715,0.04542287171225945,0.13319016163800676,0.09427111063338883
Tsubasa Endoh,0.0,0.034683876124178656,0.06779429891181045,0.6644933430403606,0.0,0.40411521371372655,0.2155607094945772,0.06114930908179636,0.5823528100672539
Cameron Duke,0.0006374617318567461,0.22803856185959548,0.1144654745569073,0.705919123069761,0.07361182378997373,0.5524531766969292,0.2504934085621739,0.2514034486420565,0.0
Nick DeLeon,0.004068843588540561,0.1773772409646778,0.04249709587494912,0.6815655726870256,0.0,0.4709454429719869,0.4128760554065252,0.23575406927295978,0.23312421003988484
Sebastien Ibeagha,0.08478674019599812,0.0,0.40603023386043535,0.8052122311666934,0.4090326367300954,0.10100038321300797,0.04555376316160439,0.0,0.0
Toni Datković,0.09299345295173352,0.01653668558680587,0.6882888678882993,0.6479108435540534,0.14299008526049614,0.09176585473324682,0.1535264330336473,0.0,0.2123940363246403
Tyler Blackett,0.10822884934514317,0.0,0.6948729715420031,0.6258640008341332,0.0,0.0,0.18344084723285253,0.2829872393168965,0.0
Oniel Fisher,0.0,0.03576258016814538,0.3268271817881379,0.5522784115373826,0.0,0.4511199450928764,0.0,0.3338655169155127,0.52145776339798
Brendan Hines-Ike,0.10069450343209015,0.061624649951822826,0.6394518364318905,0.5529907856966833,0.291484466794533,0.30473123341243186,0.1460599677740188,0.26871495330484557,0.0
Andy Rose,0.12955527177893328,0.005735308778471936,0.6931631715340453,0.38913843457622094,0.5351693128032368,0.0,0.07832805421351101,0.2423574977358254,0.0
Josh Williams,0.08785167981542219,0.0,0.708802745975077,0.4407846724424982,0.4921378497391516,0.0,0.02800125942391045,0.2293597360400425,0.0
George Campbell,0.025274524115452512,0.08746714063655933,0.5561178133261401,0.6576703720478041,0.0403730894081689,0.4738773489839742,0.0,0.15402476730389167,0.0
Justin Morrow,0.004892581628270743,0.001424837083915445,0.32596461007960775,0.5605136912770532,0.41033939122342444,0.16416655673577524,0.06908091695170913,0.14931270199500693,0.5976202614929375
Eric Miller,0.06422477190299426,0.0,0.5027796373274256,0.5523844342358463,0.126596193102894,0.2399930990159005,0.0,0.13349198144510754,0.588655976766832
Marcelo Silva,0.05318324598576863,0.0,0.7398843511635806,0.26505307074861545,0.6095371253519831,0.0,0.05484099362842366,0.028207045181817048,0.06442732164224325
Tanner Beason,0.08928104330340056,0.0,0.7311477538281776,0.10805210587360703,0.5870790733733288,0.03843847550053665,0.1490368979989351,0.2689561715941544,0.07132899690535964
Séga Coulibaly,0.06354991590472421,0.02448944427037616,0.5010344070508657,0.16244684119631794,0.3870119807413552,0.0,0.0,0.7537631914646731,0.0
Erik Godoy,0.08705756982057647,0.010278569141152669,0.6552500933366208,0.3544832007597542,0.3089889981848208,0.12484660875612562,0.011131636504633278,0.5634875742525036,0.09274303062445796
Nicolas Isimat-Mirin,0.05479474718908235,0.0,0.5595615130050735,0.19569369857922658,0.41847116164565445,0.31565941639144784,0.0,0.6089609551479367,0.0
Frédéric Brillant,0.08866143107698499,0.0,0.7047589212815033,0.3786644401121488,0.5180321742818929,0.2745386359396952,0.09131516354479066,0.0,0.0
Sean Nealis,0.05398601225095795,0.0,0.6679646588256045,0.0,0.6998555967232863,0.19315956577257365,0.1542732994619504,0.0,0.0
Chris Mavinga,0.058585490486688235,0.018634628700391506,0.6493522294902603,0.26858019527045257,0.690494898741329,0.15122033574153276,0.03736712461071888,0.03714504746118572,0.0
Tony Alfaro,0.09192126106355702,0.0,0.5164393763234001,0.16507556874497267,0.5415303056442072,0.5376117852780308,0.09172843554302004,0.3269484660655205,0.0
Nouhou Tolo,0.036573045495488864,0.05210111531707997,0.5262416831442898,0.23288244097134364,0.4832885418953794,0.6082742884315123,0.0,0.1358752102556553,0.20677487342119566
Xavier Arreaga,0.09333047256832352,0.013405052149577832,0.6474150750579645,0.13635095066483918,0.6575010798009356,0.2886369112945511,0.14817559404627276,0.12568581119404285,0.0
Carlos Coronel,0.6327103496795853,0.0036461797912376464,0.0,0.0,0.7743799576314374,0.0,0.0,0.0,0.0
Brad Guzan,0.5550621783192227,0.0,0.0,0.0,0.23021172187191258,0.0,0.0,0.7993175472315672,0.0
Brad Knighton,0.9153381061888024,0.0,0.0,0.36696239853991125,0.0,0.16581540306224438,0.0,0.0,3.9036362630965204e-05
Jimmy Maurer,0.4201446013142175,0.0,0.0,0.06477900056854019,0.8914023534980234,0.0,0.0,0.1571115503393784,0.0
Phelipe Megiolaro,0.5835056129224868,0.0,0.0,0.7693632262315305,0.2040684646593232,0.0,0.0,0.16111327549941448,0.0
Tim Melia,0.3866448044622445,0.0,0.04566335234372399,0.0,0.8961593069725715,0.0,0.0,0.2128829489685022,0.0
Tyler Miller,0.7311892423682114,0.0,0.059487258169317415,0.0,0.6630398998574347,0.0,0.018874920861902393,0.0,0.1478018488382261
James Pantemis,0.48990232385813304,0.0,0.041526116045526,0.3584631725181044,0.7929606791306432,0.0,0.0,0.031445350459161185,0.0
Kenneth Vermeer,0.560780997244341,0.0,0.0,0.28807347812205386,0.7762334341757671,0.0,0.0,0.0,0.0
Quentin Westberg,0.6449574145161255,0.0,0.0,0.4247147926518104,0.0,0.0,0.0,0.6353324156403515,0.0
Nick Marsman,0.6246758079895344,0.0,0.05320722398747632,0.03739927483194444,0.6807669979901103,0.0,0.0,0.37697044302935323,0.0
Joe Willis,0.4397435636876196,0.0,0.0,0.0,0.8981233758205565,0.0,0.0,0.0,0.0
Kamohelo Mokotjo,0.008543272771518794,0.00181798774442264,0.14244617631025433,0.6795768207488991,0.10703650874725325,0.0253186143530051,0.0,0.7111331046497288,0.0
Joey DeZart,0.004605882737921763,0.0,0.13190796918889008,0.6523681956011939,0.18599338863479556,0.40173946012171996,0.0,0.6008383113966391,0.0
Johan Kappelhof,0.06519880635426036,0.0,0.5796437850069187,0.3170316029790873,0.3473231253429727,0.6340547072361025,0.06797025984733367,0.00031417996742794953,0.1788138159268103
Erik López,0.0,0.15184305230430684,0.007871165028283536,0.6387159399875804,0.2182182295869705,0.35190662460758476,0.5614406283101552,0.2631568078362251,0.11401371601330097
Caleb Stanko,0.053790280475942476,0.0,0.2860032607729093,0.3828629470038658,0.46173156484155586,0.6751867375788667,0.0,0.31567631490447995,0.0
Jukka Raitala,0.11228790963868053,0.0,0.368623489799428,0.7721456000004971,0.005831273871330468,0.09229334055181733,0.0,0.4967366063134089,0.0
Jalil Anibaba,0.09016999872762112,0.0,0.5991537079642185,0.773776146951305,0.0,0.0,0.18480984814500873,0.0,0.0
Ryan Shawcross,0.10017808406126413,0.0,0.7145487074347925,0.6277094461541463,0.273921943873693,0.0,0.10164701692816246,0.0,0.0
Vito Wormgoor,0.10233228782905925,0.0,0.6075230298808996,0.23378990786410622,0.3765716150800747,0.0,0.0,0.6511374422722741,0.0
Eriq Zavaleta,0.07410888335492248,0.0,0.6178611833040161,0.4661721305018052,0.5126314100607654,0.34065846194516003,0.0,0.12884031217644884,0.0
Abdoulaye Cissoko,0.0494131690920718,0.03096534358848899,0.4625246901720356,0.5759907679088913,0.4216921298131604,0.5196299747495857,0.0,0.0553666820127326,0.0
Lalas Abubakar,0.06083937743040053,0.0,0.6793891745384985,0.2557432351696645,0.644414667629569,0.06333417327320812,0.07977561308576903,0.20899446771432412,0.0
Jamal Blackman,0.7396502576898102,0.0,0.0,0.6729914533628175,0.0,0.0,0.0,0.0,0.0
Andre Blake,0.756584515726702,0.02601851541559756,0.0,0.0,0.6533780738731289,0.0,0.0,0.0,0.0
Jonathan Bond,0.41993888236118215,0.0,0.04222371385341934,0.0,0.8171640338734827,0.0,0.0,0.3925702928308298,0.0
Alex Bono,0.7134262745345237,0.018138703242253272,0.08153856165330929,0.0,0.6957337142987895,0.0,0.0,0.0,0.0
Sebastian Breza,0.4356750126289023,0.0,0.04405918479507861,0.8661770000046259,0.24079758360287876,0.0,0.0,0.0,0.0
Steve Clark,0.7105585201466976,0.0,0.0,0.0,0.6010365666707412,0.0,0.0,0.36587106331545655,0.0
Stefan Cleveland,0.7558975799942187,0.0,0.09844934851583512,0.5143722564522936,0.3204752901101549,0.0,0.0,0.21422674921336826,0.07583036646457658
Maxime Crépeau,0.8854932813481022,0.0,0.0,0.0,0.20993515180427919,0.0,0.0,0.41452247312333385,0.0
Clément Diop,0.5635281475466067,0.0,0.0,0.7450131250722687,0.0,0.0,0.0,0.35691941722571235,0.0
Matt Freese,0.9181445726675755,0.0,0.0,0.37972232542367573,0.0,0.11323205931144789,0.0,0.0,0.0
Stefan Frei,0.775587651394564,0.0,0.0,0.3482348934406251,0.404401037983838,0.0,0.0,0.3371291361959911,0.0
Pedro Gallese,0.4605921690783252,0.0,0.0,0.08036215893126251,0.8839665023040353,0.0,0.0,0.0,0.0
Bill Hamid,0.8764070133606002,0.0,0.0,0.0,0.48157112344113084,0.0,0.0,0.0,0.0
Thomas Hasal,0.6265706541738905,0.0,0.09721190207852021,0.7605580788568493,0.0,0.0,0.0,0.13967988440701792,0.0
Jon Kempin,0.8656918291616358,0.0,0.0,0.4926543597857759,0.0,0.08870929323835539,0.0,0.0,0.0
Zac MacMath,0.874278339652519,0.0,0.2813394540609762,0.14723093462348066,0.0,0.0,0.0,0.3572452290456908,0.08476080826121721
Marko Marić,0.5330728294933295,0.0,0.0,0.0,0.8450189985886414,0.04214558672299127,0.0,0.0,0.0
John McCarthy,0.7420466767305027,0.0,0.0,0.6079554997277439,0.2824125349626079,0.0,0.0,0.0,0.0
Michael Nelson,0.47741781662777955,0.0,0.0,0.6701377868933183,0.568319958248951,0.0,0.0,0.0,0.0
David Ochoa,0.8336991613511285,0.05106088101819998,0.0,0.0,0.5498531574812227,0.0,0.0,0.0,0.0
John Pulskamp,0.5730410867462264,0.0,0.0521804487065468,0.8165196361372999,0.0,0.04687000614144047,0.0,0.0,0.0
Bobby Shuttleworth,0.7160394246034044,0.0,0.0,0.0,0.643934384501179,0.0,0.0,0.07593767444661055,0.25859141608018205
Pablo Sisniega,0.6028115522686295,0.0,0.0,0.7978259344477624,0.009592224665839255,0.0,0.0,0.0,0.0
Gabriel Slonina,0.6441399711863105,0.0,0.08783824961478434,0.7483826616860573,0.13015221117631395,0.0,0.0,0.0,0.01875987841960237
Brad Stuver,0.37979591075471464,0.0,5.095070245424975e-06,0.0,0.837180181435493,0.0,0.0,0.39355356682371967,0.0
Matt Turner,0.6372692772151731,0.0,0.0,0.0,0.7693790924775903,0.0,0.0,0.035642213026409346,0.02594827598493437
Przemysław Tytoń,0.6339826411240965,0.0,0.06898010500367281,0.5859938864329792,0.4999189143552881,0.0,0.0,0.0,0.0
William Yarbrough,0.35793574414209905,0.0,0.0,0.0,0.9337462198399744,0.0,0.0,0.0,0.0
Tomas Romero,0.5740283417412264,0.000831541742191321,0.0,0.30367733819679976,0.75920431843419,0.0433549138245293,0.0,0.0,0.0
Oriol Rosell,0.009873704337400395,0.0,0.12615783109128004,0.36666422420687717,0.12471781057809164,0.7251637012281127,0.0,0.5550920035899654,0.0
